Label (Grouping),"Adams County, Pennsylvania!!Total!!Estimate","Adams County, Pennsylvania!!Total!!Margin of Error","Adams County, Pennsylvania!!Below poverty level!!Estimate","Adams County, Pennsylvania!!Below poverty level!!Margin of Error","Adams County, Pennsylvania!!Percent below poverty level!!Estimate","Adams County, Pennsylvania!!Percent below poverty level!!Margin of Error","Allegheny County, Pennsylvania!!Total!!Estimate","Allegheny County, Pennsylvania!!Total!!Margin of Error","Allegheny County, Pennsylvania!!Below poverty level!!Estimate","Allegheny County, Pennsylvania!!Below poverty level!!Margin of Error","Allegheny County, Pennsylvania!!Percent below poverty level!!Estimate","Allegheny County, Pennsylvania!!Percent below poverty level!!Margin of Error","Armstrong County, Pennsylvania!!Total!!Estimate","Armstrong County, Pennsylvania!!Total!!Margin of Error","Armstrong County, Pennsylvania!!Below poverty level!!Estimate","Armstrong County, Pennsylvania!!Below poverty level!!Margin of Error","Armstrong County, Pennsylvania!!Percent below poverty level!!Estimate","Armstrong County, Pennsylvania!!Percent below poverty level!!Margin of Error","Beaver County, Pennsylvania!!Total!!Estimate","Beaver County, Pennsylvania!!Total!!Margin of Error","Beaver County, Pennsylvania!!Below poverty level!!Estimate","Beaver County, Pennsylvania!!Below poverty level!!Margin of Error","Beaver County, Pennsylvania!!Percent below poverty level!!Estimate","Beaver County, Pennsylvania!!Percent below poverty level!!Margin of Error","Berks County, Pennsylvania!!Total!!Estimate","Berks County, Pennsylvania!!Total!!Margin of Error","Berks County, Pennsylvania!!Below poverty level!!Estimate","Berks County, Pennsylvania!!Below poverty level!!Margin of Error","Berks County, Pennsylvania!!Percent below poverty level!!Estimate","Berks County, Pennsylvania!!Percent below poverty level!!Margin of Error","Blair County, Pennsylvania!!Total!!Estimate","Blair County, Pennsylvania!!Total!!Margin of Error","Blair County, Pennsylvania!!Below poverty level!!Estimate","Blair County, Pennsylvania!!Below poverty level!!Margin of Error","Blair County, Pennsylvania!!Percent below poverty level!!Estimate","Blair County, Pennsylvania!!Percent below poverty level!!Margin of Error","Bucks County, Pennsylvania!!Total!!Estimate","Bucks County, Pennsylvania!!Total!!Margin of Error","Bucks County, Pennsylvania!!Below poverty level!!Estimate","Bucks County, Pennsylvania!!Below poverty level!!Margin of Error","Bucks County, Pennsylvania!!Percent below poverty level!!Estimate","Bucks County, Pennsylvania!!Percent below poverty level!!Margin of Error","Butler County, Pennsylvania!!Total!!Estimate","Butler County, Pennsylvania!!Total!!Margin of Error","Butler County, Pennsylvania!!Below poverty level!!Estimate","Butler County, Pennsylvania!!Below poverty level!!Margin of Error","Butler County, Pennsylvania!!Percent below poverty level!!Estimate","Butler County, Pennsylvania!!Percent below poverty level!!Margin of Error","Cambria County, Pennsylvania!!Total!!Estimate","Cambria County, Pennsylvania!!Total!!Margin of Error","Cambria County, Pennsylvania!!Below poverty level!!Estimate","Cambria County, Pennsylvania!!Below poverty level!!Margin of Error","Cambria County, Pennsylvania!!Percent below poverty level!!Estimate","Cambria County, Pennsylvania!!Percent below poverty level!!Margin of Error","Carbon County, Pennsylvania!!Total!!Estimate","Carbon County, Pennsylvania!!Total!!Margin of Error","Carbon County, Pennsylvania!!Below poverty level!!Estimate","Carbon County, Pennsylvania!!Below poverty level!!Margin of Error","Carbon County, Pennsylvania!!Percent below poverty level!!Estimate","Carbon County, Pennsylvania!!Percent below poverty level!!Margin of Error","Centre County, Pennsylvania!!Total!!Estimate","Centre County, Pennsylvania!!Total!!Margin of Error","Centre County, Pennsylvania!!Below poverty level!!Estimate","Centre County, Pennsylvania!!Below poverty level!!Margin of Error","Centre County, Pennsylvania!!Percent below poverty level!!Estimate","Centre County, Pennsylvania!!Percent below poverty level!!Margin of Error","Chester County, Pennsylvania!!Total!!Estimate","Chester County, Pennsylvania!!Total!!Margin of Error","Chester County, Pennsylvania!!Below poverty level!!Estimate","Chester County, Pennsylvania!!Below poverty level!!Margin of Error","Chester County, Pennsylvania!!Percent below poverty level!!Estimate","Chester County, Pennsylvania!!Percent below poverty level!!Margin of Error","Clearfield County, Pennsylvania!!Total!!Estimate","Clearfield County, Pennsylvania!!Total!!Margin of Error","Clearfield County, Pennsylvania!!Below poverty level!!Estimate","Clearfield County, Pennsylvania!!Below poverty level!!Margin of Error","Clearfield County, Pennsylvania!!Percent below poverty level!!Estimate","Clearfield County, Pennsylvania!!Percent below poverty level!!Margin of Error","Crawford County, Pennsylvania!!Total!!Estimate","Crawford County, Pennsylvania!!Total!!Margin of Error","Crawford County, Pennsylvania!!Below poverty level!!Estimate","Crawford County, Pennsylvania!!Below poverty level!!Margin of Error","Crawford County, Pennsylvania!!Percent below poverty level!!Estimate","Crawford County, Pennsylvania!!Percent below poverty level!!Margin of Error","Cumberland County, Pennsylvania!!Total!!Estimate","Cumberland County, Pennsylvania!!Total!!Margin of Error","Cumberland County, Pennsylvania!!Below poverty level!!Estimate","Cumberland County, Pennsylvania!!Below poverty level!!Margin of Error","Cumberland County, Pennsylvania!!Percent below poverty level!!Estimate","Cumberland County, Pennsylvania!!Percent below poverty level!!Margin of Error","Dauphin County, Pennsylvania!!Total!!Estimate","Dauphin County, Pennsylvania!!Total!!Margin of Error","Dauphin County, Pennsylvania!!Below poverty level!!Estimate","Dauphin County, Pennsylvania!!Below poverty level!!Margin of Error","Dauphin County, Pennsylvania!!Percent below poverty level!!Estimate","Dauphin County, Pennsylvania!!Percent below poverty level!!Margin of Error","Delaware County, Pennsylvania!!Total!!Estimate","Delaware County, Pennsylvania!!Total!!Margin of Error","Delaware County, Pennsylvania!!Below poverty level!!Estimate","Delaware County, Pennsylvania!!Below poverty level!!Margin of Error","Delaware County, Pennsylvania!!Percent below poverty level!!Estimate","Delaware County, Pennsylvania!!Percent below poverty level!!Margin of Error","Erie County, Pennsylvania!!Total!!Estimate","Erie County, Pennsylvania!!Total!!Margin of Error","Erie County, Pennsylvania!!Below poverty level!!Estimate","Erie County, Pennsylvania!!Below poverty level!!Margin of Error","Erie County, Pennsylvania!!Percent below poverty level!!Estimate","Erie County, Pennsylvania!!Percent below poverty level!!Margin of Error","Fayette County, Pennsylvania!!Total!!Estimate","Fayette County, Pennsylvania!!Total!!Margin of Error","Fayette County, Pennsylvania!!Below poverty level!!Estimate","Fayette County, Pennsylvania!!Below poverty level!!Margin of Error","Fayette County, Pennsylvania!!Percent below poverty level!!Estimate","Fayette County, Pennsylvania!!Percent below poverty level!!Margin of Error","Franklin County, Pennsylvania!!Total!!Estimate","Franklin County, Pennsylvania!!Total!!Margin of Error","Franklin County, Pennsylvania!!Below poverty level!!Estimate","Franklin County, Pennsylvania!!Below poverty level!!Margin of Error","Franklin County, Pennsylvania!!Percent below poverty level!!Estimate","Franklin County, Pennsylvania!!Percent below poverty level!!Margin of Error","Indiana County, Pennsylvania!!Total!!Estimate","Indiana County, Pennsylvania!!Total!!Margin of Error","Indiana County, Pennsylvania!!Below poverty level!!Estimate","Indiana County, Pennsylvania!!Below poverty level!!Margin of Error","Indiana County, Pennsylvania!!Percent below poverty level!!Estimate","Indiana County, Pennsylvania!!Percent below poverty level!!Margin of Error","Lackawanna County, Pennsylvania!!Total!!Estimate","Lackawanna County, Pennsylvania!!Total!!Margin of Error","Lackawanna County, Pennsylvania!!Below poverty level!!Estimate","Lackawanna County, Pennsylvania!!Below poverty level!!Margin of Error","Lackawanna County, Pennsylvania!!Percent below poverty level!!Estimate","Lackawanna County, Pennsylvania!!Percent below poverty level!!Margin of Error","Lancaster County, Pennsylvania!!Total!!Estimate","Lancaster County, Pennsylvania!!Total!!Margin of Error","Lancaster County, Pennsylvania!!Below poverty level!!Estimate","Lancaster County, Pennsylvania!!Below poverty level!!Margin of Error","Lancaster County, Pennsylvania!!Percent below poverty level!!Estimate","Lancaster County, Pennsylvania!!Percent below poverty level!!Margin of Error","Lawrence County, Pennsylvania!!Total!!Estimate","Lawrence County, Pennsylvania!!Total!!Margin of Error","Lawrence County, Pennsylvania!!Below poverty level!!Estimate","Lawrence County, Pennsylvania!!Below poverty level!!Margin of Error","Lawrence County, Pennsylvania!!Percent below poverty level!!Estimate","Lawrence County, Pennsylvania!!Percent below poverty level!!Margin of Error","Lebanon County, Pennsylvania!!Total!!Estimate","Lebanon County, Pennsylvania!!Total!!Margin of Error","Lebanon County, Pennsylvania!!Below poverty level!!Estimate","Lebanon County, Pennsylvania!!Below poverty level!!Margin of Error","Lebanon County, Pennsylvania!!Percent below poverty level!!Estimate","Lebanon County, Pennsylvania!!Percent below poverty level!!Margin of Error","Lehigh County, Pennsylvania!!Total!!Estimate","Lehigh County, Pennsylvania!!Total!!Margin of Error","Lehigh County, Pennsylvania!!Below poverty level!!Estimate","Lehigh County, Pennsylvania!!Below poverty level!!Margin of Error","Lehigh County, Pennsylvania!!Percent below poverty level!!Estimate","Lehigh County, Pennsylvania!!Percent below poverty level!!Margin of Error","Luzerne County, Pennsylvania!!Total!!Estimate","Luzerne County, Pennsylvania!!Total!!Margin of Error","Luzerne County, Pennsylvania!!Below poverty level!!Estimate","Luzerne County, Pennsylvania!!Below poverty level!!Margin of Error","Luzerne County, Pennsylvania!!Percent below poverty level!!Estimate","Luzerne County, Pennsylvania!!Percent below poverty level!!Margin of Error","Lycoming County, Pennsylvania!!Total!!Estimate","Lycoming County, Pennsylvania!!Total!!Margin of Error","Lycoming County, Pennsylvania!!Below poverty level!!Estimate","Lycoming County, Pennsylvania!!Below poverty level!!Margin of Error","Lycoming County, Pennsylvania!!Percent below poverty level!!Estimate","Lycoming County, Pennsylvania!!Percent below poverty level!!Margin of Error","Mercer County, Pennsylvania!!Total!!Estimate","Mercer County, Pennsylvania!!Total!!Margin of Error","Mercer County, Pennsylvania!!Below poverty level!!Estimate","Mercer County, Pennsylvania!!Below poverty level!!Margin of Error","Mercer County, Pennsylvania!!Percent below poverty level!!Estimate","Mercer County, Pennsylvania!!Percent below poverty level!!Margin of Error","Monroe County, Pennsylvania!!Total!!Estimate","Monroe County, Pennsylvania!!Total!!Margin of Error","Monroe County, Pennsylvania!!Below poverty level!!Estimate","Monroe County, Pennsylvania!!Below poverty level!!Margin of Error","Monroe County, Pennsylvania!!Percent below poverty level!!Estimate","Monroe County, Pennsylvania!!Percent below poverty level!!Margin of Error","Montgomery County, Pennsylvania!!Total!!Estimate","Montgomery County, Pennsylvania!!Total!!Margin of Error","Montgomery County, Pennsylvania!!Below poverty level!!Estimate","Montgomery County, Pennsylvania!!Below poverty level!!Margin of Error","Montgomery County, Pennsylvania!!Percent below poverty level!!Estimate","Montgomery County, Pennsylvania!!Percent below poverty level!!Margin of Error","Northampton County, Pennsylvania!!Total!!Estimate","Northampton County, Pennsylvania!!Total!!Margin of Error","Northampton County, Pennsylvania!!Below poverty level!!Estimate","Northampton County, Pennsylvania!!Below poverty level!!Margin of Error","Northampton County, Pennsylvania!!Percent below poverty level!!Estimate","Northampton County, Pennsylvania!!Percent below poverty level!!Margin of Error","Northumberland County, Pennsylvania!!Total!!Estimate","Northumberland County, Pennsylvania!!Total!!Margin of Error","Northumberland County, Pennsylvania!!Below poverty level!!Estimate","Northumberland County, Pennsylvania!!Below poverty level!!Margin of Error","Northumberland County, Pennsylvania!!Percent below poverty level!!Estimate","Northumberland County, Pennsylvania!!Percent below poverty level!!Margin of Error","Philadelphia County, Pennsylvania!!Total!!Estimate","Philadelphia County, Pennsylvania!!Total!!Margin of Error","Philadelphia County, Pennsylvania!!Below poverty level!!Estimate","Philadelphia County, Pennsylvania!!Below poverty level!!Margin of Error","Philadelphia County, Pennsylvania!!Percent below poverty level!!Estimate","Philadelphia County, Pennsylvania!!Percent below poverty level!!Margin of Error","Schuylkill County, Pennsylvania!!Total!!Estimate","Schuylkill County, Pennsylvania!!Total!!Margin of Error","Schuylkill County, Pennsylvania!!Below poverty level!!Estimate","Schuylkill County, Pennsylvania!!Below poverty level!!Margin of Error","Schuylkill County, Pennsylvania!!Percent below poverty level!!Estimate","Schuylkill County, Pennsylvania!!Percent below poverty level!!Margin of Error","Somerset County, Pennsylvania!!Total!!Estimate","Somerset County, Pennsylvania!!Total!!Margin of Error","Somerset County, Pennsylvania!!Below poverty level!!Estimate","Somerset County, Pennsylvania!!Below poverty level!!Margin of Error","Somerset County, Pennsylvania!!Percent below poverty level!!Estimate","Somerset County, Pennsylvania!!Percent below poverty level!!Margin of Error","Washington County, Pennsylvania!!Total!!Estimate","Washington County, Pennsylvania!!Total!!Margin of Error","Washington County, Pennsylvania!!Below poverty level!!Estimate","Washington County, Pennsylvania!!Below poverty level!!Margin of Error","Washington County, Pennsylvania!!Percent below poverty level!!Estimate","Washington County, Pennsylvania!!Percent below poverty level!!Margin of Error","Westmoreland County, Pennsylvania!!Total!!Estimate","Westmoreland County, Pennsylvania!!Total!!Margin of Error","Westmoreland County, Pennsylvania!!Below poverty level!!Estimate","Westmoreland County, Pennsylvania!!Below poverty level!!Margin of Error","Westmoreland County, Pennsylvania!!Percent below poverty level!!Estimate","Westmoreland County, Pennsylvania!!Percent below poverty level!!Margin of Error","York County, Pennsylvania!!Total!!Estimate","York County, Pennsylvania!!Total!!Margin of Error","York County, Pennsylvania!!Below poverty level!!Estimate","York County, Pennsylvania!!Below poverty level!!Margin of Error","York County, Pennsylvania!!Percent below poverty level!!Estimate","York County, Pennsylvania!!Percent below poverty level!!Margin of Error"
Population for whom poverty status is determined,"100,189",±918,"8,715","±2,230",8.70%,±2.2,"1,205,851","±6,197","138,584","±9,446",11.50%,±0.8,"64,470",±372,"7,163","±1,571",11.10%,±2.4,"163,368","±1,147","18,178","±3,300",11.10%,±2.0,"417,654","±2,667","56,973","±6,632",13.60%,±1.6,"118,646","±1,433","12,715","±2,575",10.70%,±2.2,"637,038","±1,891","41,688","±5,461",6.50%,±0.9,"189,409","±1,810","16,067","±2,973",8.50%,±1.6,"125,842","±1,579","15,832","±2,183",12.60%,±1.7,"63,993",±907,"11,881","±3,138",18.60%,±4.9,"139,624","±1,771","22,908","±4,196",16.40%,±3.0,"525,811","±2,141","36,131","±5,871",6.90%,±1.1,"74,307","±1,330","10,099","±2,449",13.60%,±3.2,"80,053",±882,"12,271","±2,205",15.30%,±2.7,"249,910","±2,392","20,292","±4,583",8.10%,±1.8,"282,305","±1,941","34,091","±4,627",12.10%,±1.6,"553,981","±3,365","56,144","±6,923",10.10%,±1.3,"256,922","±1,679","42,386","±5,811",16.50%,±2.3,"122,116","±1,155","19,146","±2,834",15.70%,±2.3,"154,318",±816,"15,544","±4,610",10.10%,±3.0,"77,753","±1,057","9,198","±2,128",11.80%,±2.7,"208,621","±1,631","29,207","±4,308",14.00%,±2.1,"540,920","±2,086","47,693","±5,919",8.80%,±1.1,"83,177",±803,"7,959","±2,402",9.60%,±2.9,"138,441","±2,391","11,944","±3,004",8.60%,±2.2,"367,848","±1,314","41,440","±7,414",11.30%,±2.0,"315,885","±1,992","39,700","±5,108",12.60%,±1.6,"108,188","±1,006","9,775","±2,077",9.00%,±1.9,"103,619","±1,138","12,802","±2,334",12.40%,±2.3,"166,839","±1,415","18,418","±5,126",11.00%,±3.1,"840,049","±3,056","60,398","±6,619",7.20%,±0.8,"302,456","±1,971","29,993","±4,537",9.90%,±1.5,"87,167",±985,"9,298","±1,812",10.70%,±2.1,"1,534,795","±3,979","350,602","±20,532",22.80%,±1.3,"135,595","±1,740","17,327","±3,379",12.80%,±2.5,"68,871",±840,"8,328","±1,721",12.10%,±2.5,"205,004",±977,"17,821","±2,773",8.70%,±1.4,"345,912","±1,626","40,308","±4,418",11.70%,±1.3,"450,452","±1,542","42,656","±5,797",9.50%,±1.3
    SEX,,,,,,,,,,,,,,,,,,,,,,,,,,,,,,,,,,,,,,,,,,,,,,,,,,,,,,,,,,,,,,,,,,,,,,,,,,,,,,,,,,,,,,,,,,,,,,,,,,,,,,,,,,,,,,,,,,,,,,,,,,,,,,,,,,,,,,,,,,,,,,,,,,,,,,,,,,,,,,,,,,,,,,,,,,,,,,,,,,,,,,,,,,,,,,,,,,,,,,,,,,,,,,,,,,,,,,,,,,,,,,,,,,,,,,,,,,
        Male,"49,483",±804,"4,368","±1,286",8.80%,±2.6,"588,870","±5,052","59,870","±4,995",10.20%,±0.8,"32,410",±392,"3,307",±892,10.20%,±2.8,"80,483","±1,089","8,101","±1,633",10.10%,±2.0,"208,299","±2,085","26,676","±3,782",12.80%,±1.8,"58,097","±1,166","5,420","±1,349",9.30%,±2.3,"315,952","±1,372","18,162","±3,013",5.70%,±0.9,"95,034","±1,156","8,377","±1,805",8.80%,±1.9,"63,197","±1,441","7,127","±1,315",11.30%,±2.1,"31,320","±1,126","4,714","±1,489",15.10%,±4.7,"71,337","±1,930","11,741","±2,227",16.50%,±3.1,"261,216","±1,559","16,489","±2,863",6.30%,±1.1,"37,253","±1,148","4,921","±1,566",13.20%,±4.1,"39,791",±661,"5,532","±1,272",13.90%,±3.1,"124,405","±1,622","9,205","±2,434",7.40%,±1.9,"138,151","±1,792","14,891","±2,855",10.80%,±2.0,"267,172","±2,859","24,471","±3,842",9.20%,±1.4,"124,854","±1,710","16,633","±2,876",13.30%,±2.3,"60,229","±1,089","9,219","±1,796",15.30%,±3.0,"76,485","±1,167","7,703","±2,885",10.10%,±3.8,"38,638",±865,"3,949","±1,060",10.20%,±2.7,"102,340","±1,411","11,778","±2,070",11.50%,±2.0,"267,656","±1,595","19,472","±2,702",7.30%,±1.0,"40,479",±765,"3,085","±1,023",7.60%,±2.6,"69,586","±1,476","5,192","±1,459",7.50%,±2.1,"181,036","±1,054","17,641","±3,529",9.70%,±1.9,"156,795","±1,538","19,263","±3,270",12.30%,±2.1,"53,968",±892,"4,594","±1,089",8.50%,±2.0,"49,832","±1,283","4,469","±1,056",9.00%,±2.1,"85,265","±1,796","7,566","±2,801",8.90%,±3.3,"410,229","±2,699","25,574","±3,249",6.20%,±0.8,"149,042","±1,256","12,704","±2,543",8.50%,±1.7,"42,944",±926,"3,975",±976,9.30%,±2.3,"727,489","±3,165","149,507","±10,743",20.60%,±1.5,"67,100","±1,738","7,693","±2,029",11.50%,±3.0,"34,543",±766,"4,188",±993,12.10%,±2.8,"100,619","±1,126","7,670","±1,398",7.60%,±1.4,"170,933","±1,216","16,493","±2,414",9.60%,±1.4,"224,447","±1,211","19,025","±3,069",8.50%,±1.4
        Female,"50,706",±887,"4,347","±1,186",8.60%,±2.4,"616,981","±2,092","78,714","±5,819",12.80%,±0.9,"32,060",±294,"3,856",±874,12.00%,±2.7,"82,885",±823,"10,077","±2,063",12.20%,±2.5,"209,355","±1,491","30,297","±3,847",14.50%,±1.8,"60,549","±1,072","7,295","±1,721",12.00%,±2.8,"321,086","±1,239","23,526","±3,374",7.30%,±1.1,"94,375","±1,250","7,690","±1,704",8.10%,±1.8,"62,645",±887,"8,705","±1,373",13.90%,±2.2,"32,673","±1,169","7,167","±2,409",21.90%,±7.0,"68,287","±1,553","11,167","±2,879",16.40%,±4.2,"264,595","±1,621","19,642","±3,564",7.40%,±1.3,"37,054",±756,"5,178","±1,220",14.00%,±3.3,"40,262",±795,"6,739","±1,427",16.70%,±3.4,"125,505","±2,069","11,087","±2,581",8.80%,±2.0,"144,154","±1,528","19,200","±3,024",13.30%,±2.1,"286,809","±1,576","31,673","±4,469",11.00%,±1.6,"132,068","±1,196","25,753","±3,955",19.50%,±3.0,"61,887",±765,"9,927","±1,400",16.00%,±2.3,"77,833","±1,063","7,841","±2,443",10.10%,±3.1,"39,115",±938,"5,249","±1,446",13.40%,±3.7,"106,281","±1,023","17,429","±2,822",16.40%,±2.6,"273,264","±1,528","28,221","±4,480",10.30%,±1.6,"42,698",±670,"4,874","±1,562",11.40%,±3.6,"68,855","±1,858","6,752","±2,118",9.80%,±3.0,"186,812","±1,305","23,799","±4,762",12.70%,±2.6,"159,090","±1,287","20,437","±2,571",12.80%,±1.6,"54,220",±876,"5,181","±1,460",9.60%,±2.6,"53,787",±981,"8,333","±1,652",15.50%,±3.1,"81,574","±1,621","10,852","±3,051",13.30%,±3.7,"429,820","±1,383","34,824","±4,178",8.10%,±1.0,"153,414","±1,242","17,289","±2,837",11.30%,±1.8,"44,223",±742,"5,323","±1,115",12.00%,±2.5,"807,306","±2,477","201,095","±13,334",24.90%,±1.6,"68,495",±750,"9,634","±1,903",14.10%,±2.8,"34,328",±363,"4,140",±957,12.10%,±2.8,"104,385","±1,048","10,151","±1,822",9.70%,±1.7,"174,979","±1,047","23,815","±2,829",13.60%,±1.6,"226,005","±1,134","23,631","±3,534",10.50%,±1.6
    EMPLOYMENT STATUS,,,,,,,,,,,,,,,,,,,,,,,,,,,,,,,,,,,,,,,,,,,,,,,,,,,,,,,,,,,,,,,,,,,,,,,,,,,,,,,,,,,,,,,,,,,,,,,,,,,,,,,,,,,,,,,,,,,,,,,,,,,,,,,,,,,,,,,,,,,,,,,,,,,,,,,,,,,,,,,,,,,,,,,,,,,,,,,,,,,,,,,,,,,,,,,,,,,,,,,,,,,,,,,,,,,,,,,,,,,,,,,,,,,,,,,,,,
        Civilian labor force 16 years and over,"53,426","±1,624","1,986",±656,3.70%,±1.2,"658,902","±7,072","40,411","±3,900",6.10%,±0.6,"31,422","±1,211","2,664","±1,074",8.50%,±3.4,"84,451","±2,503","4,499","±1,160",5.30%,±1.4,"214,163","±4,409","14,273","±2,318",6.70%,±1.1,"57,399","±2,415","3,826","±1,223",6.70%,±2.1,"349,672","±5,303","11,177","±1,874",3.20%,±0.5,"99,089","±2,584","5,132","±1,272",5.20%,±1.3,"57,839","±2,136","3,632",±907,6.30%,±1.6,"33,727","±1,592","3,966","±1,419",11.80%,±4.0,"74,983","±3,284","8,241","±1,574",11.00%,±2.1,"294,528","±4,783","11,715","±2,386",4.00%,±0.8,"34,498","±1,822","2,176",±631,6.30%,±1.9,"35,795","±1,910","2,496",±778,7.00%,±2.1,"133,522","±3,301","6,098","±1,852",4.60%,±1.4,"145,261","±4,501","7,173","±1,615",4.90%,±1.1,"299,813","±4,995","16,598","±3,134",5.50%,±1.0,"127,158","±3,719","10,384","±2,027",8.20%,±1.6,"56,946","±2,375","5,061","±1,107",8.90%,±1.9,"77,714","±2,420","3,621","±1,296",4.70%,±1.7,"38,865","±1,809","2,536",±984,6.50%,±2.5,"106,596","±2,817","6,520","±1,104",6.10%,±1.1,"284,626","±4,400","11,679","±2,064",4.10%,±0.7,"41,604","±1,586","2,173",±697,5.20%,±1.6,"70,766","±2,273","2,784","±1,125",3.90%,±1.6,"190,573","±4,163","10,824","±2,656",5.70%,±1.4,"160,342","±3,554","10,280","±2,127",6.40%,±1.3,"54,387","±1,728","2,272",±703,4.20%,±1.3,"48,371","±1,949","3,908","±1,094",8.10%,±2.2,"86,700","±4,501","5,598","±2,274",6.50%,±2.7,"472,824","±5,850","18,782","±3,059",4.00%,±0.6,"161,732","±3,412","8,804","±2,060",5.40%,±1.3,"44,653","±1,743","2,546",±951,5.70%,±2.1,"786,498","±9,624","90,663","±8,270",11.50%,±1.0,"64,733","±2,670","3,282","±1,034",5.10%,±1.5,"33,717","±1,272","2,604",±698,7.70%,±2.1,"106,771","±2,837","5,162","±1,539",4.80%,±1.4,"176,560","±3,680","8,615","±1,623",4.90%,±0.9,"240,181","±4,385","11,573","±1,995",4.80%,±0.8
            Employed,"51,155","±1,592","1,709",±603,3.30%,±1.2,"617,963","±8,037","29,670","±3,417",4.80%,±0.5,"28,824","±1,500","1,302",±466,4.50%,±1.6,"79,875","±2,698","4,019","±1,087",5.00%,±1.4,"200,766","±4,291","9,772","±1,897",4.90%,±0.9,"54,254","±2,488","2,899","±1,120",5.30%,±2.1,"329,574","±5,514","7,938","±1,642",2.40%,±0.5,"94,881","±2,613","4,350","±1,244",4.60%,±1.3,"53,930","±2,161","2,755",±823,5.10%,±1.5,"29,474","±1,850","2,777","±1,315",9.40%,±4.3,"71,010","±3,361","6,809","±1,513",9.60%,±2.1,"281,905","±4,783","9,585","±2,139",3.40%,±0.8,"32,848","±1,762","1,675",±556,5.10%,±1.8,"33,279","±1,771","1,840",±666,5.50%,±2.0,"127,635","±3,706","5,089","±1,792",4.00%,±1.4,"137,672","±4,619","4,816","±1,489",3.50%,±1.1,"274,285","±5,110","10,209","±1,887",3.70%,±0.7,"117,372","±4,263","7,155","±1,771",6.10%,±1.5,"51,926","±2,505","3,101",±880,6.00%,±1.7,"74,311","±2,854","2,945","±1,252",4.00%,±1.7,"36,935","±2,048","2,307",±941,6.20%,±2.5,"99,157","±3,104","4,555","±1,073",4.60%,±1.1,"274,201","±4,795","9,861","±1,881",3.60%,±0.7,"38,369","±1,452","1,029",±373,2.70%,±1.0,"67,280","±2,454","1,690",±725,2.50%,±1.1,"178,314","±4,377","7,491","±2,172",4.20%,±1.2,"149,285","±3,962","7,503","±1,826",5.00%,±1.3,"51,540","±1,783","1,473",±555,2.90%,±1.1,"45,534","±2,105","2,823",±883,6.20%,±1.9,"80,880","±4,747","4,084","±1,755",5.00%,±2.2,"449,330","±6,302","12,616","±2,320",2.80%,±0.5,"152,656","±3,374","6,672","±1,732",4.40%,±1.1,"42,268","±1,825","1,993",±837,4.70%,±2.0,"704,705","±8,896","59,380","±6,691",8.40%,±0.9,"59,861","±2,753","1,726",±700,2.90%,±1.2,"31,206","±1,322","1,738",±551,5.60%,±1.8,"102,173","±2,924","3,998","±1,271",3.90%,±1.3,"165,745","±3,934","6,459","±1,305",3.90%,±0.8,"229,399","±4,576","8,858","±1,706",3.90%,±0.7
                Male,"26,777","±1,196",876,±396,3.30%,±1.5,"318,792","±5,681","11,357","±1,796",3.60%,±0.6,"15,866",±957,585,±278,3.70%,±1.8,"41,594","±1,721","1,928",±711,4.60%,±1.7,"106,970","±3,286","4,841","±1,226",4.50%,±1.1,"28,823","±1,540","1,427",±719,5.00%,±2.5,"173,736","±3,379","4,371","±1,221",2.50%,±0.7,"50,811","±1,895","2,388",±809,4.70%,±1.5,"29,045","±1,655","1,115",±512,3.80%,±1.7,"15,005","±1,152",407,±380,2.70%,±2.5,"37,554","±2,186","3,552","±1,066",9.50%,±2.8,"152,334","±3,317","4,447","±1,390",2.90%,±0.9,"17,856","±1,298",964,±451,5.40%,±2.6,"17,924","±1,048",775,±343,4.30%,±1.9,"68,973","±2,447","2,721","±1,232",3.90%,±1.8,"71,294","±2,880","2,013",±951,2.80%,±1.3,"139,728","±3,536","4,342","±1,169",3.10%,±0.8,"59,765","±2,933","2,497",±778,4.20%,±1.3,"27,350","±1,573","1,054",±474,3.90%,±1.7,"38,034","±1,788",780,±455,2.10%,±1.2,"18,452","±1,267",407,±301,2.20%,±1.6,"52,555","±2,126","1,922",±689,3.70%,±1.3,"148,327","±2,688","4,548","±1,414",3.10%,±0.9,"20,242",±966,354,±211,1.70%,±1.0,"36,994","±1,734",709,±457,1.90%,±1.2,"93,408","±2,780","2,752",±872,2.90%,±0.9,"76,361","±3,025","2,712",±973,3.60%,±1.3,"27,525","±1,388",869,±482,3.20%,±1.7,"24,353","±1,280","1,090",±573,4.50%,±2.3,"43,886","±3,242","1,655","±1,046",3.80%,±2.4,"231,971","±4,205","5,191","±1,289",2.20%,±0.6,"83,279","±2,469","3,553","±1,244",4.30%,±1.5,"21,833","±1,458",945,±564,4.30%,±2.6,"343,864","±7,320","24,476","±4,450",7.10%,±1.3,"32,365","±2,001",740,±366,2.30%,±1.1,"16,186","±1,124",948,±427,5.90%,±2.6,"54,185","±2,061","1,813",±819,3.30%,±1.5,"87,148","±2,566","2,391",±791,2.70%,±0.9,"120,648","±3,364","4,408","±1,260",3.70%,±1.0
                Female,"24,378","±1,042",833,±422,3.40%,±1.7,"299,171","±5,191","18,313","±2,441",6.10%,±0.8,"12,958","±1,034",717,±372,5.50%,±2.8,"38,281","±1,826","2,091",±786,5.50%,±2.1,"93,796","±2,704","4,931","±1,287",5.30%,±1.3,"25,431","±1,724","1,472",±566,5.80%,±2.3,"155,838","±4,261","3,567","±1,054",2.30%,±0.7,"44,070","±1,712","1,962",±846,4.50%,±1.9,"24,885","±1,163","1,640",±497,6.60%,±2.0,"14,469","±1,414","2,370","±1,134",16.40%,±7.1,"33,456","±2,524","3,257","±1,016",9.70%,±3.0,"129,571","±3,304","5,138","±1,317",4.00%,±1.0,"14,992",±977,711,±280,4.70%,±1.9,"15,355","±1,258","1,065",±513,6.90%,±3.3,"58,662","±2,580","2,368","±1,029",4.00%,±1.7,"66,378","±3,236","2,803","±1,177",4.20%,±1.7,"134,557","±3,893","5,867","±1,401",4.40%,±1.0,"57,607","±2,643","4,658","±1,521",8.10%,±2.6,"24,576","±1,527","2,047",±713,8.30%,±2.8,"36,277","±2,135","2,165","±1,150",6.00%,±3.2,"18,483","±1,281","1,900",±835,10.30%,±4.5,"46,602","±2,080","2,633",±855,5.60%,±1.8,"125,874","±3,848","5,313","±1,135",4.20%,±0.9,"18,127","±1,043",675,±314,3.70%,±1.8,"30,286","±1,624",981,±582,3.20%,±1.9,"84,906","±3,377","4,739","±1,939",5.60%,±2.3,"72,924","±2,321","4,791","±1,336",6.60%,±1.9,"24,015","±1,230",604,±266,2.50%,±1.1,"21,181","±1,531","1,733",±790,8.20%,±3.4,"36,994","±2,880","2,429","±1,279",6.60%,±3.5,"217,359","±4,188","7,425","±1,622",3.40%,±0.7,"69,377","±2,471","3,119",±845,4.50%,±1.2,"20,435","±1,229","1,048",±532,5.10%,±2.6,"360,841","±7,871","34,904","±4,566",9.70%,±1.2,"27,496","±1,858",986,±517,3.60%,±1.8,"15,020",±808,790,±390,5.30%,±2.6,"47,988","±1,963","2,185",±808,4.60%,±1.7,"78,597","±2,931","4,068","±1,084",5.20%,±1.4,"108,751","±2,734","4,450","±1,256",4.10%,±1.1
            Unemployed,"2,271",±851,277,±207,12.20%,±9.6,"40,939","±3,615","10,741","±1,809",26.20%,±4.0,"2,598","±1,087","1,362",±950,52.40%,±19.6,"4,576","±1,063",480,±294,10.50%,±6.7,"13,397","±1,919","4,501","±1,577",33.60%,±9.4,"3,145",±886,927,±517,29.50%,±12.8,"20,098","±2,613","3,239","±1,071",16.10%,±4.7,"4,208","±1,089",782,±492,18.60%,±10.1,"3,909",±907,877,±446,22.40%,±10.5,"4,253","±1,282","1,189",±685,28.00%,±13.0,"3,973","±1,324","1,432",±810,36.00%,±16.7,"12,623","±1,630","2,130",±958,16.90%,±7.0,"1,650",±573,501,±326,30.40%,±15.7,"2,516",±741,656,±327,26.10%,±11.0,"5,887","±1,873","1,009",±691,17.10%,±8.3,"7,589","±1,696","2,357",±888,31.10%,±9.5,"25,528","±3,268","6,389","±1,906",25.00%,±6.8,"9,786","±1,531","3,229",±971,33.00%,±8.9,"5,020","±1,257","1,960",±717,39.00%,±10.3,"3,403","±1,319",676,±472,19.90%,±12.5,"1,930",±818,229,±256,11.90%,±12.8,"7,439","±1,445","1,965",±791,26.40%,±9.5,"10,425","±2,002","1,818",±917,17.40%,±7.5,"3,235",±920,"1,144",±588,35.40%,±14.6,"3,486",±893,"1,094",±720,31.40%,±17.8,"12,259","±2,587","3,333","±1,703",27.20%,±10.6,"11,057","±1,811","2,777",±988,25.10%,±7.4,"2,847",±912,799,±546,28.10%,±14.3,"2,837","±1,092","1,085",±896,38.20%,±21.8,"5,820","±1,837","1,514","±1,033",26.00%,±15.4,"23,494","±2,885","6,166","±2,059",26.20%,±6.7,"9,076","±1,618","2,132",±992,23.50%,±9.0,"2,385",±746,553,±349,23.20%,±13.8,"81,793","±7,516","31,283","±5,028",38.20%,±4.6,"4,872","±1,013","1,556",±620,31.90%,±10.3,"2,511",±637,866,±439,34.50%,±13.4,"4,598","±1,135","1,164",±570,25.30%,±10.7,"10,815","±1,731","2,156",±792,19.90%,±6.1,"10,782","±1,936","2,715","±1,023",25.20%,±7.4
                Male,"1,217",±594,169,±172,13.90%,±13.9,"22,918","±2,811","4,825","±1,351",21.10%,±5.3,"1,393",±548,629,±384,45.20%,±17.4,"2,960",±868,182,±234,6.10%,±7.8,"7,429","±1,533","2,848","±1,166",38.30%,±12.9,"1,607",±535,445,±299,27.70%,±16.1,"11,416","±1,835","1,082",±562,9.50%,±4.8,"2,151",±854,488,±464,22.70%,±18.3,"2,341",±780,186,±170,7.90%,±7.4,"2,504",±865,930,±602,37.10%,±19.1,"1,874",±794,547,±404,29.20%,±21.2,"6,459","±1,192","1,282",±702,19.80%,±9.6,943,±431,308,±253,32.70%,±20.1,"1,525",±529,420,±235,27.50%,±12.7,"3,544","±1,297",258,±217,7.30%,±6.3,"3,918","±1,389",919,±528,23.50%,±11.3,"13,753","±2,198","3,588","±1,426",26.10%,±8.7,"5,575","±1,213","1,414",±483,25.40%,±9.5,"2,607",±766,975,±460,37.40%,±13.0,"1,690",±934,392,±330,23.20%,±20.0,"1,208",±638,80,±137,6.60%,±11.8,"3,719","±1,039",894,±480,24.00%,±12.5,"5,649","±1,509","1,201",±795,21.30%,±11.8,"1,645",±472,613,±356,37.30%,±19.0,"1,682",±779,729,±561,43.30%,±22.8,"6,384","±1,671","1,871","±1,021",29.30%,±12.2,"6,732","±1,427","1,432",±721,21.30%,±8.9,"1,607",±626,397,±358,24.70%,±16.2,"1,176",±536,276,±205,23.50%,±16.0,"3,236","±1,255",845,±714,26.10%,±20.4,"12,205","±1,796","2,736","±1,000",22.40%,±6.6,"3,735","±1,023",770,±500,20.60%,±11.4,"1,449",±571,238,±239,16.40%,±15.2,"40,261","±4,365","12,370","±2,732",30.70%,±5.6,"2,977",±887,984,±513,33.10%,±14.2,"1,750",±542,531,±333,30.30%,±16.3,"2,557",±699,429,±274,16.80%,±9.5,"6,302","±1,451","1,166",±621,18.50%,±8.3,"6,015","±1,474","1,307",±825,21.70%,±11.3
                Female,"1,054",±427,108,±102,10.20%,±9.9,"18,021","±2,029","5,916","±1,415",32.80%,±6.8,"1,205",±641,733,±622,60.80%,±27.4,"1,616",±643,298,±188,18.40%,±12.6,"5,968","±1,183","1,653",±767,27.70%,±10.9,"1,538",±626,482,±300,31.30%,±16.1,"8,682","±1,630","2,157",±949,24.80%,±8.2,"2,057",±617,294,±184,14.30%,±9.3,"1,568",±526,691,±409,44.10%,±18.1,"1,749",±690,259,±220,14.80%,±11.5,"2,099",±913,885,±713,42.20%,±22.8,"6,164","±1,113",848,±515,13.80%,±7.8,707,±334,193,±157,27.30%,±20.9,991,±440,236,±158,23.80%,±16.8,"2,343",±913,751,±620,32.10%,±20.5,"3,671","±1,015","1,438",±726,39.20%,±14.3,"11,775","±2,305","2,801","±1,109",23.80%,±8.4,"4,211","±1,182","1,815",±791,43.10%,±16.4,"2,413",±963,985,±575,40.80%,±15.3,"1,713",±767,284,±366,16.60%,±20.1,722,±392,149,±215,20.60%,±25.7,"3,720","±1,011","1,071",±541,28.80%,±12.3,"4,776","±1,147",617,±407,12.90%,±8.1,"1,590",±688,531,±412,33.40%,±21.0,"1,804",±621,365,±317,20.20%,±18.4,"5,875","±1,819","1,462",±898,24.90%,±13.0,"4,325",±940,"1,345",±592,31.10%,±11.0,"1,240",±524,402,±283,32.40%,±21.0,"1,661",±892,809,±871,48.70%,±33.7,"2,584","±1,207",669,±777,25.90%,±24.7,"11,289","±2,211","3,430","±1,586",30.40%,±10.2,"5,341","±1,103","1,362",±678,25.50%,±10.9,936,±444,315,±270,33.70%,±23.8,"41,532","±4,989","18,913","±3,712",45.50%,±6.1,"1,895",±646,572,±310,30.20%,±16.1,761,±351,335,±256,44.00%,±23.0,"2,041",±769,735,±477,36.00%,±18.5,"4,513","±1,074",990,±513,21.90%,±9.9,"4,767","±1,309","1,408",±651,29.50%,±11.2
    WORK EXPERIENCE,,,,,,,,,,,,,,,,,,,,,,,,,,,,,,,,,,,,,,,,,,,,,,,,,,,,,,,,,,,,,,,,,,,,,,,,,,,,,,,,,,,,,,,,,,,,,,,,,,,,,,,,,,,,,,,,,,,,,,,,,,,,,,,,,,,,,,,,,,,,,,,,,,,,,,,,,,,,,,,,,,,,,,,,,,,,,,,,,,,,,,,,,,,,,,,,,,,,,,,,,,,,,,,,,,,,,,,,,,,,,,,,,,,,,,,,,,
        Population 16 years and over,"83,690",±974,"6,411","±1,369",7.70%,±1.6,"1,003,505","±6,214","110,071","±6,073",11.00%,±0.6,"54,094",±431,"5,954","±1,307",11.00%,±2.4,"135,398","±1,341","12,183","±2,258",9.00%,±1.7,"335,084","±2,831","39,373","±4,168",11.80%,±1.3,"96,954","±1,447","10,040","±1,868",10.40%,±1.9,"525,791","±2,019","31,373","±3,846",6.00%,±0.7,"156,750","±1,961","13,291","±2,147",8.50%,±1.4,"104,457","±1,690","11,787","±1,668",11.30%,±1.6,"52,971",±914,"7,528","±1,536",14.20%,±2.9,"119,201","±2,001","19,745","±3,131",16.60%,±2.6,"421,374","±2,507","25,199","±3,147",6.00%,±0.8,"61,862","±1,206","7,637","±1,505",12.30%,±2.4,"65,196",±890,"8,800","±1,509",13.50%,±2.2,"202,168","±2,435","14,403","±3,008",7.10%,±1.5,"224,618","±2,255","24,884","±3,657",11.10%,±1.6,"440,682","±3,789","38,499","±4,368",8.70%,±1.0,"207,563","±1,890","28,575","±3,174",13.80%,±1.5,"102,083",±983,"15,368","±2,142",15.10%,±2.1,"124,574","±1,087","9,868","±2,407",7.90%,±1.9,"64,418","±1,182","7,053","±1,475",10.90%,±2.3,"170,226","±1,736","20,817","±2,777",12.20%,±1.6,"426,085","±2,524","36,061","±4,098",8.50%,±1.0,"69,016",±743,"6,013","±1,472",8.70%,±2.1,"112,145",±911,"9,131","±2,088",8.10%,±1.9,"291,705","±1,708","29,318","±4,401",10.10%,±1.5,"258,970","±2,070","29,589","±3,355",11.40%,±1.3,"87,408","±1,069","7,561","±1,452",8.70%,±1.6,"86,134","±1,072","10,165","±1,721",11.80%,±2.0,"139,056","±1,734","13,859","±3,723",10.00%,±2.7,"677,967","±3,329","46,360","±4,740",6.80%,±0.7,"249,450","±2,130","22,981","±3,148",9.20%,±1.2,"72,243",±914,"7,021","±1,220",9.70%,±1.7,"1,233,879","±4,256","247,666","±13,622",20.10%,±1.1,"110,798","±1,853","12,517","±2,166",11.30%,±1.9,"57,163",±914,"6,229","±1,219",10.90%,±2.1,"167,936","±1,087","14,091","±2,205",8.40%,±1.3,"290,677","±1,661","30,579","±2,882",10.50%,±1.0,"364,769","±1,773","31,825","±3,699",8.70%,±1.0
"            Worked full-time, year-round in the past 12 months","36,284","±1,837",408,±287,1.10%,±0.8,"442,186","±8,771","5,274","±1,192",1.20%,±0.3,"20,958","±1,373",412,±251,2.00%,±1.2,"54,617","±2,718",917,±436,1.70%,±0.8,"139,697","±3,737","2,432",±875,1.70%,±0.6,"38,805","±2,320",863,±548,2.20%,±1.4,"240,483","±6,046","2,801","±1,020",1.20%,±0.4,"69,192","±2,618","1,257",±740,1.80%,±1.0,"38,518","±2,251",597,±353,1.50%,±0.9,"21,293","±1,506",714,±571,3.40%,±2.6,"46,480","±2,576","1,456",±843,3.10%,±1.8,"205,025","±4,852","3,065","±1,332",1.50%,±0.6,"22,902","±1,658",531,±353,2.30%,±1.5,"23,999","±1,637",702,±346,2.90%,±1.4,"90,404","±4,147","1,496",±901,1.70%,±1.0,"102,771","±4,406","1,949",±971,1.90%,±0.9,"200,165","±5,002","3,732","±1,139",1.90%,±0.6,"83,048","±3,290","2,387",±869,2.90%,±1.1,"36,224","±2,663",680,±374,1.90%,±1.0,"51,204","±3,044",909,±659,1.80%,±1.3,"25,319","±2,168",629,±537,2.50%,±2.1,"71,819","±3,483",949,±437,1.30%,±0.6,"187,635","±5,289","2,972",±959,1.60%,±0.5,"29,272","±1,661",460,±269,1.60%,±0.9,"48,158","±2,469",797,±590,1.70%,±1.2,"127,859","±4,624","1,961","±1,033",1.50%,±0.8,"107,925","±3,768","1,807",±817,1.70%,±0.8,"34,872","±2,093",362,±319,1.00%,±0.9,"30,689","±1,932",853,±468,2.80%,±1.5,"61,357","±4,667","2,198",±981,3.60%,±1.6,"328,182","±6,684","3,225","±1,180",1.00%,±0.4,"109,053","±3,797","1,631",±708,1.50%,±0.7,"29,622","±2,007",705,±470,2.40%,±1.6,"505,250","±10,849","15,571","±3,131",3.10%,±0.6,"44,264","±2,381",642,±440,1.50%,±1.0,"22,623","±1,446",722,±430,3.20%,±1.9,"73,460","±2,928","1,280",±610,1.70%,±0.8,"115,965","±3,155","1,811",±641,1.60%,±0.6,"161,805","±5,200","2,502",±934,1.50%,±0.6
            Worked part-time or part-year in the past 12 months,"19,171","±1,784","1,992",±689,10.40%,±3.4,"231,504","±7,557","34,991","±3,799",15.10%,±1.4,"11,197","±1,176","1,364",±437,12.20%,±3.5,"32,382","±2,404","4,010","±1,214",12.40%,±3.3,"78,565","±4,514","10,016","±1,903",12.70%,±2.4,"19,939","±2,138","2,695",±954,13.50%,±4.6,"118,496","±5,231","7,621","±1,649",6.40%,±1.4,"34,002","±3,173","4,602","±1,453",13.50%,±3.9,"20,959","±1,720","3,075",±927,14.70%,±4.0,"12,094","±1,746","2,652","±1,205",21.90%,±8.7,"35,132","±2,738","9,338","±1,591",26.60%,±4.8,"100,750","±4,848","9,362","±1,867",9.30%,±1.9,"12,935","±1,341","1,791",±662,13.80%,±4.9,"12,799","±1,515","1,951",±672,15.20%,±4.8,"50,520","±4,278","4,744","±1,534",9.40%,±2.7,"47,055","±3,709","4,845","±1,420",10.30%,±2.8,"98,503","±4,709","9,334","±2,060",9.50%,±2.0,"48,529","±3,383","8,698","±2,034",17.90%,±4.0,"21,839","±1,921","3,618","±1,022",16.60%,±4.3,"30,587","±2,675","3,196","±1,400",10.40%,±4.3,"14,494","±1,637","2,060",±853,14.20%,±5.7,"36,743","±2,501","5,858","±1,184",15.90%,±3.2,"108,780","±4,798","9,665","±1,900",8.90%,±1.7,"13,230","±1,648","1,565",±560,11.80%,±4.0,"27,321","±2,717","1,925",±802,7.00%,±2.9,"63,893","±3,637","8,312","±2,159",13.00%,±3.3,"56,528","±3,628","8,590","±1,463",15.20%,±2.7,"22,103","±2,188","2,341",±947,10.60%,±3.8,"19,099","±1,572","2,747",±831,14.40%,±4.2,"27,426","±3,029","3,628","±1,804",13.20%,±6.2,"154,513","±6,113","13,267","±2,294",8.60%,±1.5,"56,947","±3,503","6,531","±1,799",11.50%,±3.0,"16,586","±1,830","1,544",±654,9.30%,±3.8,"274,319","±9,900","60,631","±5,783",22.10%,±1.9,"22,900","±2,099","2,582",±804,11.30%,±3.4,"12,169","±1,407","1,607",±531,13.20%,±3.9,"36,554","±2,555","3,204","±1,026",8.80%,±2.8,"64,585","±3,115","7,022","±1,371",10.90%,±2.1,"86,776","±4,760","9,370","±1,771",10.80%,±2.0
            Did not work,"28,235","±1,555","4,011",±959,14.20%,±3.2,"329,815","±7,178","69,806","±5,189",21.20%,±1.4,"21,939","±1,530","4,178","±1,191",19.00%,±4.8,"48,399","±2,376","7,256","±1,570",15.00%,±3.1,"116,822","±4,316","26,925","±3,357",23.00%,±2.5,"38,210","±2,294","6,482","±1,271",17.00%,±2.9,"166,812","±4,771","20,951","±2,928",12.60%,±1.7,"53,556","±2,246","7,432","±1,566",13.90%,±2.7,"44,980","±2,025","8,115","±1,375",18.00%,±2.9,"19,584","±2,003","4,162","±1,101",21.30%,±4.7,"37,589","±2,958","8,951","±2,329",23.80%,±5.1,"115,599","±4,246","12,772","±1,973",11.00%,±1.6,"26,025","±1,721","5,315","±1,093",20.40%,±3.8,"28,398","±1,583","6,147","±1,175",21.60%,±3.6,"61,244","±3,035","8,163","±1,937",13.30%,±2.8,"74,792","±4,287","18,090","±3,228",24.20%,±3.6,"142,014","±4,647","25,433","±3,606",17.90%,±2.4,"75,986","±3,436","17,490","±2,047",23.00%,±2.3,"44,020","±2,231","11,070","±1,748",25.10%,±3.6,"42,783","±2,912","5,763","±1,814",13.50%,±3.8,"24,605","±1,607","4,364","±1,072",17.70%,±4.0,"61,664","±2,715","14,010","±2,375",22.70%,±3.6,"129,670","±4,862","23,424","±3,278",18.10%,±2.3,"26,514","±1,645","3,988","±1,228",15.00%,±4.2,"36,666","±2,407","6,409","±1,570",17.50%,±3.8,"99,953","±3,690","19,045","±3,084",19.10%,±2.8,"94,517","±3,633","19,192","±2,451",20.30%,±2.4,"30,433","±1,683","4,858","±1,098",16.00%,±3.3,"36,346","±1,764","6,565","±1,388",18.10%,±3.6,"50,273","±4,202","8,033","±2,347",16.00%,±4.1,"195,272","±5,501","29,868","±3,733",15.30%,±1.8,"83,450","±3,795","14,819","±2,458",17.80%,±2.6,"26,035","±1,552","4,772",±823,18.30%,±3.0,"454,310","±9,403","171,464","±10,551",37.70%,±2.1,"43,634","±2,647","9,293","±1,940",21.30%,±3.8,"22,371","±1,142","3,900",±859,17.40%,±3.6,"57,922","±2,630","9,607","±1,542",16.60%,±2.5,"110,127","±3,617","21,746","±2,497",19.70%,±2.0,"116,188","±4,653","19,953","±2,839",17.20%,±2.2
    ALL INDIVIDUALS WITH INCOME BELOW THE FOLLOWING POVERTY RATIOS,,,,,,,,,,,,,,,,,,,,,,,,,,,,,,,,,,,,,,,,,,,,,,,,,,,,,,,,,,,,,,,,,,,,,,,,,,,,,,,,,,,,,,,,,,,,,,,,,,,,,,,,,,,,,,,,,,,,,,,,,,,,,,,,,,,,,,,,,,,,,,,,,,,,,,,,,,,,,,,,,,,,,,,,,,,,,,,,,,,,,,,,,,,,,,,,,,,,,,,,,,,,,,,,,,,,,,,,,,,,,,,,,,,,,,,,,,
        50 percent of poverty level,"4,173","±1,382",(X),(X),(X),(X),"72,766","±7,688",(X),(X),(X),(X),"2,258",±588,(X),(X),(X),(X),"7,832","±1,864",(X),(X),(X),(X),"25,191","±4,521",(X),(X),(X),(X),"5,551","±1,946",(X),(X),(X),(X),"20,540","±4,072",(X),(X),(X),(X),"8,056","±2,266",(X),(X),(X),(X),"8,158","±1,823",(X),(X),(X),(X),"5,401","±1,790",(X),(X),(X),(X),"14,450","±2,864",(X),(X),(X),(X),"18,336","±4,480",(X),(X),(X),(X),"3,642","±1,610",(X),(X),(X),(X),"4,779","±1,196",(X),(X),(X),(X),"7,582","±2,227",(X),(X),(X),(X),"17,821","±3,831",(X),(X),(X),(X),"28,821","±4,932",(X),(X),(X),(X),"22,482","±4,452",(X),(X),(X),(X),"9,442","±2,117",(X),(X),(X),(X),"8,041","±3,767",(X),(X),(X),(X),"3,839","±1,384",(X),(X),(X),(X),"13,104","±2,565",(X),(X),(X),(X),"22,998","±4,301",(X),(X),(X),(X),"3,544","±2,046",(X),(X),(X),(X),"6,427","±1,917",(X),(X),(X),(X),"14,208","±3,223",(X),(X),(X),(X),"19,111","±2,944",(X),(X),(X),(X),"4,547","±1,720",(X),(X),(X),(X),"4,969","±1,264",(X),(X),(X),(X),"7,560","±2,544",(X),(X),(X),(X),"34,386","±5,524",(X),(X),(X),(X),"12,493","±2,756",(X),(X),(X),(X),"4,280","±1,147",(X),(X),(X),(X),"180,149","±16,671",(X),(X),(X),(X),"6,971","±2,241",(X),(X),(X),(X),"2,984",±923,(X),(X),(X),(X),"9,833","±2,341",(X),(X),(X),(X),"20,594","±3,426",(X),(X),(X),(X),"21,400","±4,191",(X),(X),(X),(X)
        125 percent of poverty level,"11,294","±2,395",(X),(X),(X),(X),"169,882","±10,155",(X),(X),(X),(X),"10,083","±1,940",(X),(X),(X),(X),"22,162","±3,558",(X),(X),(X),(X),"72,823","±7,617",(X),(X),(X),(X),"17,986","±3,453",(X),(X),(X),(X),"52,052","±5,399",(X),(X),(X),(X),"20,054","±3,420",(X),(X),(X),(X),"22,369","±3,282",(X),(X),(X),(X),"14,495","±3,336",(X),(X),(X),(X),"28,532","±4,338",(X),(X),(X),(X),"46,339","±6,642",(X),(X),(X),(X),"12,785","±2,484",(X),(X),(X),(X),"16,955","±2,208",(X),(X),(X),(X),"23,783","±4,724",(X),(X),(X),(X),"41,416","±5,075",(X),(X),(X),(X),"74,122","±7,883",(X),(X),(X),(X),"50,238","±5,969",(X),(X),(X),(X),"25,266","±3,301",(X),(X),(X),(X),"20,932","±5,314",(X),(X),(X),(X),"12,275","±2,515",(X),(X),(X),(X),"34,609","±4,855",(X),(X),(X),(X),"64,760","±6,672",(X),(X),(X),(X),"12,712","±2,930",(X),(X),(X),(X),"16,421","±3,166",(X),(X),(X),(X),"55,725","±7,278",(X),(X),(X),(X),"56,580","±6,321",(X),(X),(X),(X),"15,327","±3,018",(X),(X),(X),(X),"16,894","±2,781",(X),(X),(X),(X),"20,955","±5,251",(X),(X),(X),(X),"77,864","±7,522",(X),(X),(X),(X),"38,214","±5,528",(X),(X),(X),(X),"13,927","±2,433",(X),(X),(X),(X),"418,883","±19,732",(X),(X),(X),(X),"22,280","±3,525",(X),(X),(X),(X),"12,217","±1,930",(X),(X),(X),(X),"22,366","±3,243",(X),(X),(X),(X),"50,294","±4,830",(X),(X),(X),(X),"55,204","±6,428",(X),(X),(X),(X)
        150 percent of poverty level,"13,508","±2,565",(X),(X),(X),(X),"211,227","±10,207",(X),(X),(X),(X),"12,399","±2,094",(X),(X),(X),(X),"27,087","±3,717",(X),(X),(X),(X),"91,570","±6,995",(X),(X),(X),(X),"22,300","±3,780",(X),(X),(X),(X),"64,783","±6,050",(X),(X),(X),(X),"26,042","±3,961",(X),(X),(X),(X),"28,883","±3,133",(X),(X),(X),(X),"18,298","±3,624",(X),(X),(X),(X),"32,174","±4,458",(X),(X),(X),(X),"55,554","±7,115",(X),(X),(X),(X),"15,603","±2,696",(X),(X),(X),(X),"20,218","±2,215",(X),(X),(X),(X),"31,540","±5,810",(X),(X),(X),(X),"55,152","±6,413",(X),(X),(X),(X),"95,388","±8,347",(X),(X),(X),(X),"62,338","±6,297",(X),(X),(X),(X),"28,872","±3,403",(X),(X),(X),(X),"27,715","±5,527",(X),(X),(X),(X),"16,390","±2,472",(X),(X),(X),(X),"43,081","±4,760",(X),(X),(X),(X),"84,369","±8,165",(X),(X),(X),(X),"17,219","±3,215",(X),(X),(X),(X),"20,061","±3,173",(X),(X),(X),(X),"73,184","±8,162",(X),(X),(X),(X),"74,649","±7,459",(X),(X),(X),(X),"20,562","±3,344",(X),(X),(X),(X),"20,431","±3,021",(X),(X),(X),(X),"26,491","±6,072",(X),(X),(X),(X),"97,815","±8,171",(X),(X),(X),(X),"46,020","±5,887",(X),(X),(X),(X),"18,210","±2,605",(X),(X),(X),(X),"503,819","±21,342",(X),(X),(X),(X),"27,874","±3,849",(X),(X),(X),(X),"15,039","±2,064",(X),(X),(X),(X),"29,962","±3,835",(X),(X),(X),(X),"62,956","±5,458",(X),(X),(X),(X),"68,708","±6,772",(X),(X),(X),(X)
        185 percent of poverty level,"19,061","±3,130",(X),(X),(X),(X),"263,542","±12,038",(X),(X),(X),(X),"17,035","±2,125",(X),(X),(X),(X),"36,049","±4,435",(X),(X),(X),(X),"110,643","±6,773",(X),(X),(X),(X),"28,749","±4,170",(X),(X),(X),(X),"84,409","±6,833",(X),(X),(X),(X),"33,969","±4,101",(X),(X),(X),(X),"35,991","±3,612",(X),(X),(X),(X),"20,872","±3,496",(X),(X),(X),(X),"38,135","±4,548",(X),(X),(X),(X),"65,934","±7,546",(X),(X),(X),(X),"20,992","±3,301",(X),(X),(X),(X),"25,100","±2,778",(X),(X),(X),(X),"42,857","±6,663",(X),(X),(X),(X),"70,616","±6,340",(X),(X),(X),(X),"117,746","±8,703",(X),(X),(X),(X),"78,292","±6,222",(X),(X),(X),(X),"36,121","±3,953",(X),(X),(X),(X),"36,881","±5,858",(X),(X),(X),(X),"22,551","±2,749",(X),(X),(X),(X),"54,311","±5,154",(X),(X),(X),(X),"109,386","±8,962",(X),(X),(X),(X),"20,733","±3,301",(X),(X),(X),(X),"28,469","±3,738",(X),(X),(X),(X),"92,988","±7,957",(X),(X),(X),(X),"94,204","±7,849",(X),(X),(X),(X),"29,694","±3,801",(X),(X),(X),(X),"27,655","±3,580",(X),(X),(X),(X),"35,958","±7,181",(X),(X),(X),(X),"121,220","±7,909",(X),(X),(X),(X),"60,173","±6,151",(X),(X),(X),(X),"25,931","±2,891",(X),(X),(X),(X),"603,431","±20,280",(X),(X),(X),(X),"37,196","±4,146",(X),(X),(X),(X),"18,881","±2,008",(X),(X),(X),(X),"38,962","±4,082",(X),(X),(X),(X),"79,843","±6,169",(X),(X),(X),(X),"93,699","±7,748",(X),(X),(X),(X)
        200 percent of poverty level,"23,032","±3,071",(X),(X),(X),(X),"287,019","±13,557",(X),(X),(X),(X),"22,461","±2,734",(X),(X),(X),(X),"39,228","±4,276",(X),(X),(X),(X),"118,664","±6,779",(X),(X),(X),(X),"34,600","±4,422",(X),(X),(X),(X),"93,589","±7,486",(X),(X),(X),(X),"39,351","±4,726",(X),(X),(X),(X),"38,850","±3,569",(X),(X),(X),(X),"21,738","±3,502",(X),(X),(X),(X),"40,265","±4,639",(X),(X),(X),(X),"72,827","±7,833",(X),(X),(X),(X),"22,800","±3,386",(X),(X),(X),(X),"27,042","±2,762",(X),(X),(X),(X),"48,267","±6,477",(X),(X),(X),(X),"76,461","±6,717",(X),(X),(X),(X),"127,423","±9,251",(X),(X),(X),(X),"83,960","±6,181",(X),(X),(X),(X),"39,108","±4,045",(X),(X),(X),(X),"39,811","±6,019",(X),(X),(X),(X),"24,848","±2,586",(X),(X),(X),(X),"60,190","±5,399",(X),(X),(X),(X),"126,930","±8,903",(X),(X),(X),(X),"21,913","±3,121",(X),(X),(X),(X),"33,789","±4,218",(X),(X),(X),(X),"102,165","±8,325",(X),(X),(X),(X),"100,938","±7,551",(X),(X),(X),(X),"32,005","±3,824",(X),(X),(X),(X),"29,987","±3,629",(X),(X),(X),(X),"37,855","±7,378",(X),(X),(X),(X),"133,203","±8,591",(X),(X),(X),(X),"65,763","±6,533",(X),(X),(X),(X),"28,692","±3,263",(X),(X),(X),(X),"634,401","±20,844",(X),(X),(X),(X),"42,711","±4,378",(X),(X),(X),(X),"20,548","±2,104",(X),(X),(X),(X),"43,538","±4,391",(X),(X),(X),(X),"87,250","±6,011",(X),(X),(X),(X),"104,751","±8,349",(X),(X),(X),(X)
        300 percent of poverty level,"40,123","±3,707",(X),(X),(X),(X),"453,207","±14,568",(X),(X),(X),(X),"32,947","±2,717",(X),(X),(X),(X),"69,582","±4,796",(X),(X),(X),(X),"186,286","±9,045",(X),(X),(X),(X),"57,946","±4,494",(X),(X),(X),(X),"162,897","±10,119",(X),(X),(X),(X),"66,937","±5,721",(X),(X),(X),(X),"60,920","±4,167",(X),(X),(X),(X),"33,222","±3,498",(X),(X),(X),(X),"58,734","±4,895",(X),(X),(X),(X),"130,788","±9,592",(X),(X),(X),(X),"38,588","±3,513",(X),(X),(X),(X),"42,034","±2,708",(X),(X),(X),(X),"88,048","±7,752",(X),(X),(X),(X),"131,726","±6,252",(X),(X),(X),(X),"197,084","±10,190",(X),(X),(X),(X),"129,817","±6,551",(X),(X),(X),(X),"66,937","±4,013",(X),(X),(X),(X),"66,035","±6,194",(X),(X),(X),(X),"39,663","±3,434",(X),(X),(X),(X),"96,223","±5,735",(X),(X),(X),(X),"226,582","±10,035",(X),(X),(X),(X),"37,084","±3,351",(X),(X),(X),(X),"55,256","±4,842",(X),(X),(X),(X),"154,173","±9,962",(X),(X),(X),(X),"159,395","±7,470",(X),(X),(X),(X),"56,549","±3,399",(X),(X),(X),(X),"51,516","±4,174",(X),(X),(X),(X),"64,627","±8,505",(X),(X),(X),(X),"213,255","±9,977",(X),(X),(X),(X),"106,734","±7,020",(X),(X),(X),(X),"46,897","±3,811",(X),(X),(X),(X),"866,133","±18,958",(X),(X),(X),(X),"65,882","±4,768",(X),(X),(X),(X),"32,603","±2,488",(X),(X),(X),(X),"75,535","±5,659",(X),(X),(X),(X),"140,247","±7,155",(X),(X),(X),(X),"178,923","±9,016",(X),(X),(X),(X)
        400 percent of poverty level,"54,731","±3,774",(X),(X),(X),(X),"619,847","±14,100",(X),(X),(X),(X),"42,774","±2,260",(X),(X),(X),(X),"93,282","±4,997",(X),(X),(X),(X),"252,161","±7,708",(X),(X),(X),(X),"79,426","±3,946",(X),(X),(X),(X),"241,571","±12,195",(X),(X),(X),(X),"92,390","±5,513",(X),(X),(X),(X),"83,712","±3,468",(X),(X),(X),(X),"42,046","±3,062",(X),(X),(X),(X),"76,762","±5,121",(X),(X),(X),(X),"189,523","±9,169",(X),(X),(X),(X),"52,996","±2,815",(X),(X),(X),(X),"54,268","±2,460",(X),(X),(X),(X),"121,999","±6,909",(X),(X),(X),(X),"171,765","±6,508",(X),(X),(X),(X),"264,967","±10,511",(X),(X),(X),(X),"168,541","±6,785",(X),(X),(X),(X),"80,927","±4,163",(X),(X),(X),(X),"88,527","±6,252",(X),(X),(X),(X),"50,504","±3,187",(X),(X),(X),(X),"123,698","±5,567",(X),(X),(X),(X),"311,212","±9,958",(X),(X),(X),(X),"51,408","±3,309",(X),(X),(X),(X),"78,172","±5,079",(X),(X),(X),(X),"202,238","±10,022",(X),(X),(X),(X),"201,563","±8,532",(X),(X),(X),(X),"73,453","±3,101",(X),(X),(X),(X),"66,827","±3,985",(X),(X),(X),(X),"92,573","±7,553",(X),(X),(X),(X),"313,534","±11,422",(X),(X),(X),(X),"145,313","±8,217",(X),(X),(X),(X),"62,324","±3,373",(X),(X),(X),(X),"1,037,623","±16,973",(X),(X),(X),(X),"86,562","±4,858",(X),(X),(X),(X),"46,167","±2,353",(X),(X),(X),(X),"104,768","±5,865",(X),(X),(X),(X),"191,242","±6,903",(X),(X),(X),(X),"246,608","±10,767",(X),(X),(X),(X)
        500 percent of poverty level,"66,832","±3,713",(X),(X),(X),(X),"763,394","±15,158",(X),(X),(X),(X),"50,568","±1,787",(X),(X),(X),(X),"117,805","±3,558",(X),(X),(X),(X),"302,945","±5,989",(X),(X),(X),(X),"93,028","±3,507",(X),(X),(X),(X),"326,006","±11,603",(X),(X),(X),(X),"115,805","±5,263",(X),(X),(X),(X),"99,434","±3,515",(X),(X),(X),(X),"50,014","±2,717",(X),(X),(X),(X),"92,335","±4,295",(X),(X),(X),(X),"245,199","±9,581",(X),(X),(X),(X),"60,518","±2,602",(X),(X),(X),(X),"62,610","±2,262",(X),(X),(X),(X),"154,827","±6,006",(X),(X),(X),(X),"199,354","±6,356",(X),(X),(X),(X),"322,008","±10,008",(X),(X),(X),(X),"195,418","±5,661",(X),(X),(X),(X),"96,328","±3,491",(X),(X),(X),(X),"112,430","±4,339",(X),(X),(X),(X),"60,633","±2,645",(X),(X),(X),(X),"151,229","±5,404",(X),(X),(X),(X),"374,773","±9,853",(X),(X),(X),(X),"62,761","±2,575",(X),(X),(X),(X),"96,674","±4,466",(X),(X),(X),(X),"249,970","±8,411",(X),(X),(X),(X),"237,340","±7,097",(X),(X),(X),(X),"84,253","±2,830",(X),(X),(X),(X),"81,814","±3,392",(X),(X),(X),(X),"112,739","±7,621",(X),(X),(X),(X),"406,725","±13,031",(X),(X),(X),(X),"190,139","±7,378",(X),(X),(X),(X),"71,349","±2,422",(X),(X),(X),(X),"1,177,945","±15,795",(X),(X),(X),(X),"101,669","±4,000",(X),(X),(X),(X),"55,055","±2,147",(X),(X),(X),(X),"133,059","±5,018",(X),(X),(X),(X),"239,494","±6,264",(X),(X),(X),(X),"308,848","±9,152",(X),(X),(X),(X)
UNRELATED INDIVIDUALS FOR WHOM POVERTY STATUS IS DETERMINED,"19,050","±2,109","3,575",±883,18.80%,±4.6,"312,532","±6,613","68,563","±4,505",21.90%,±1.3,"12,550","±1,276","2,787",±606,22.20%,±4.4,"33,826","±2,233","5,906","±1,357",17.50%,±3.6,"81,388","±4,849","19,914","±2,625",24.50%,±2.8,"23,423","±2,337","5,586","±1,305",23.80%,±4.7,"98,964","±5,068","16,778","±2,613",17.00%,±2.5,"35,283","±2,977","8,714","±1,541",24.70%,±3.4,"27,516","±2,055","6,759","±1,064",24.60%,±3.6,"13,908","±2,075","3,449","±1,009",24.80%,±5.7,"40,298","±3,620","16,413","±2,873",40.70%,±5.7,"86,206","±5,231","13,837","±2,811",16.10%,±2.9,"15,519","±1,735","3,797",±897,24.50%,±4.8,"15,294","±1,544","3,859",±815,25.20%,±4.9,"49,061","±4,585","7,667","±1,808",15.60%,±3.1,"65,227","±4,047","14,542","±2,633",22.30%,±3.6,"99,619","±5,799","18,555","±2,629",18.60%,±2.2,"60,503","±3,835","15,157","±2,303",25.10%,±3.5,"27,894","±2,448","9,837","±1,544",35.30%,±4.5,"28,762","±3,013","5,712","±1,404",19.90%,±4.4,"16,215","±1,883","4,042","±1,104",24.90%,±6.2,"46,633","±3,400","12,565","±2,116",26.90%,±3.9,"88,302","±4,745","19,724","±2,721",22.30%,±2.6,"17,136","±2,288","3,734",±940,21.80%,±4.8,"26,049","±3,147","5,551","±1,304",21.30%,±4.1,"67,296","±4,460","14,514","±2,115",21.60%,±3.0,"72,386","±4,058","16,602","±2,533",22.90%,±3.1,"23,218","±2,523","5,092","±1,158",21.90%,±4.6,"20,770","±1,726","5,508","±1,026",26.50%,±4.3,"26,669","±3,684","5,513","±1,528",20.70%,±5.1,"147,641","±6,164","24,335","±2,580",16.50%,±1.7,"58,167","±4,045","12,994","±2,390",22.30%,±3.3,"18,395","±1,824","3,982",±899,21.60%,±4.3,"431,002","±13,146","125,142","±8,583",29.00%,±1.7,"31,747","±2,723","7,624","±1,249",24.00%,±3.4,"12,252","±1,394","3,233",±750,26.40%,±5.3,"43,642","±3,758","8,731","±1,564",20.00%,±2.9,"72,701","±4,436","17,492","±2,074",24.10%,±2.4,"80,975","±4,940","16,024","±2,495",19.80%,±2.5
    Male,"9,244","±1,180","1,587",±617,17.20%,±6.6,"153,166","±4,759","30,634","±2,990",20.00%,±1.8,"6,214",±897,913,±326,14.70%,±5.1,"15,108","±1,540","2,507",±913,16.60%,±5.6,"42,214","±3,230","11,386","±1,820",27.00%,±3.6,"11,494","±1,481","2,627",±786,22.90%,±6.0,"46,338","±3,851","6,624","±1,556",14.30%,±3.2,"16,717","±1,748","4,636","±1,338",27.70%,±6.7,"13,136","±1,486","2,643",±623,20.10%,±4.6,"7,566","±1,284","1,541",±623,20.40%,±7.6,"21,705","±2,371","8,894","±1,949",41.00%,±7.0,"40,094","±3,366","6,866","±1,964",17.10%,±4.4,"7,270",±876,"1,434",±445,19.70%,±5.6,"7,904",±970,"1,708",±530,21.60%,±6.0,"24,612","±2,829","3,138","±1,088",12.70%,±4.1,"32,030","±2,480","5,792","±1,680",18.10%,±4.7,"44,371","±3,689","8,177","±1,668",18.40%,±3.2,"30,092","±2,265","6,483","±1,386",21.50%,±4.5,"13,404","±1,501","4,133","±1,062",30.80%,±6.6,"12,813","±1,684","2,435",±754,19.00%,±5.6,"7,936","±1,328","1,712",±597,21.60%,±7.0,"22,732","±2,114","4,876","±1,290",21.40%,±5.1,"40,122","±3,123","7,765","±1,752",19.40%,±4.0,"8,036","±1,654","1,447",±490,18.00%,±5.8,"12,635","±2,123","2,478",±935,19.60%,±6.2,"34,319","±3,081","6,471","±1,519",18.90%,±4.0,"35,891","±2,531","7,965","±1,675",22.20%,±4.1,"12,239","±1,498","2,609",±781,21.30%,±6.1,"10,322","±1,273","2,138",±633,20.70%,±5.3,"12,907","±2,484","2,095",±948,16.20%,±6.4,"68,476","±4,093","10,467","±1,717",15.30%,±2.4,"27,763","±2,969","5,285","±1,798",19.00%,±5.1,"8,957","±1,297","1,821",±670,20.30%,±6.5,"207,064","±7,495","54,633","±5,352",26.40%,±2.3,"15,443","±1,883","2,831",±889,18.30%,±4.8,"5,837",±911,"1,588",±500,27.20%,±7.8,"20,260","±1,836","3,427","±1,029",16.90%,±4.5,"35,031","±2,520","7,813","±1,367",22.30%,±3.7,"39,100","±3,104","6,898","±1,702",17.60%,±3.8
    Female,"9,806","±1,380","1,988",±598,20.30%,±5.7,"159,366","±4,228","37,929","±2,865",23.80%,±1.6,"6,336",±795,"1,874",±543,29.60%,±7.4,"18,718","±1,472","3,399",±821,18.20%,±4.0,"39,174","±2,874","8,528","±1,748",21.80%,±4.2,"11,929","±1,591","2,959",±867,24.80%,±5.9,"52,626","±3,300","10,154","±1,914",19.30%,±3.3,"18,566","±2,017","4,078","±1,051",22.00%,±4.7,"14,380","±1,237","4,116",±807,28.60%,±5.0,"6,342","±1,415","1,908",±912,30.10%,±10.4,"18,593","±2,343","7,519","±1,995",40.40%,±8.6,"46,112","±3,372","6,971","±1,603",15.10%,±3.3,"8,249","±1,201","2,363",±775,28.60%,±8.0,"7,390",±904,"2,151",±559,29.10%,±7.2,"24,449","±2,574","4,529","±1,335",18.50%,±4.9,"33,197","±3,024","8,750","±2,004",26.40%,±4.9,"55,248","±3,700","10,378","±1,996",18.80%,±3.1,"30,411","±2,403","8,674","±1,784",28.50%,±5.2,"14,490","±1,631","5,704",±863,39.40%,±5.1,"15,949","±2,363","3,277","±1,203",20.50%,±6.6,"8,279","±1,063","2,330",±798,28.10%,±8.5,"23,901","±2,142","7,689","±1,559",32.20%,±5.6,"48,180","±3,326","11,959","±2,046",24.80%,±3.6,"9,100","±1,079","2,287",±696,25.10%,±6.7,"13,414","±1,668","3,073",±956,22.90%,±6.8,"32,977","±2,841","8,043","±1,572",24.40%,±4.2,"36,495","±2,501","8,637","±1,626",23.70%,±4.0,"10,979","±1,528","2,483",±800,22.60%,±6.4,"10,448","±1,228","3,370",±834,32.30%,±6.8,"13,762","±2,258","3,418","±1,239",24.80%,±7.8,"79,165","±3,990","13,868","±1,803",17.50%,±2.1,"30,404","±3,061","7,709","±1,901",25.40%,±4.6,"9,438","±1,134","2,161",±565,22.90%,±5.4,"223,938","±8,906","70,509","±5,704",31.50%,±2.1,"16,304","±1,485","4,793","±1,045",29.40%,±6.1,"6,415",±879,"1,645",±581,25.60%,±7.4,"23,382","±2,584","5,304","±1,085",22.70%,±3.9,"37,670","±2,765","9,679","±1,382",25.70%,±3.3,"41,875","±2,844","9,126","±1,851",21.80%,±3.9
    15 years,0,±189,0,±189,-,**,109,±157,95,±155,87.20%,±39.8,40,±71,40,±71,100.00%,±99.9,0,±189,0,±189,-,**,0,±189,0,±189,-,**,30,±40,30,±40,100.00%,±100.0,75,±125,75,±125,100.00%,±73.0,0,±189,0,±189,-,**,25,±44,25,±44,100.00%,±100.0,303,±448,303,±448,100.00%,±36.1,0,±189,0,±189,-,**,128,±205,128,±205,100.00%,±55.8,0,±189,0,±189,-,**,33,±54,33,±54,100.00%,±100.0,47,±77,47,±77,100.00%,±92.2,59,±98,59,±98,100.00%,±82.2,0,±189,0,±189,-,**,0,±189,0,±189,-,**,79,±144,79,±144,100.00%,±71.1,0,±189,0,±189,-,**,18,±32,18,±32,100.00%,±100.0,0,±189,0,±189,-,**,0,±189,0,±189,-,**,0,±189,0,±189,-,**,92,±115,92,±115,100.00%,±65.9,0,±189,0,±189,-,**,61,±74,30,±51,49.20%,±50.8,33,±54,33,±54,100.00%,±100.0,0,±189,0,±189,-,**,0,±189,0,±189,-,**,403,±347,403,±347,100.00%,±29.7,0,±189,0,±189,-,**,0,±189,0,±189,-,**,245,±225,245,±225,100.00%,±40.4,31,±56,31,±56,100.00%,±100.0,0,±189,0,±189,-,**,226,±352,226,±352,100.00%,±42.0,101,±165,101,±165,100.00%,±62.9,0,±189,0,±189,-,**
    16 to 17 years,63,±84,63,±84,100.00%,±79.6,354,±277,200,±223,56.50%,±45.3,24,±40,24,±40,100.00%,±100.0,0,±189,0,±189,-,**,238,±256,162,±227,68.10%,±53.7,46,±66,46,±66,100.00%,±93.2,109,±167,109,±167,100.00%,±60.5,0,±189,0,±189,-,**,75,±105,75,±105,100.00%,±73.0,79,±135,79,±135,100.00%,±71.1,25,±45,25,±45,100.00%,±100.0,256,±265,256,±265,100.00%,±39.5,0,±189,0,±189,-,**,66,±110,66,±110,100.00%,±77.8,88,±146,88,±146,100.00%,±67.3,94,±112,94,±112,100.00%,±65.2,145,±172,145,±172,100.00%,±52.5,108,±130,108,±130,100.00%,±60.8,93,±132,93,±132,100.00%,±65.5,157,±196,157,±196,100.00%,±50.4,0,±189,0,±189,-,**,0,±189,0,±189,-,**,229,±219,229,±219,100.00%,±41.7,0,±189,0,±189,-,**,516,±558,516,±558,100.00%,±24.5,83,±143,83,±143,100.00%,±69.3,155,±171,155,±171,100.00%,±50.7,36,±59,36,±59,100.00%,±100.0,40,±47,40,±47,100.00%,±99.9,67,±120,67,±120,100.00%,±77.2,262,±240,262,±240,100.00%,±39.0,432,±485,432,±485,100.00%,±28.2,22,±39,22,±39,100.00%,±100.0,"1,296",±702,"1,153",±660,89.00%,±17.3,99,±105,99,±105,100.00%,±63.5,152,±163,152,±163,100.00%,±51.2,177,±280,177,±280,100.00%,±47.5,43,±71,43,±71,100.00%,±96.3,909,±910,909,±910,100.00%,±14.9
    18 to 24 years,"1,259",±510,379,±209,30.10%,±19.4,"32,603","±2,718","13,861","±2,116",42.50%,±5.6,978,±334,269,±208,27.50%,±21.1,"1,990",±663,694,±558,34.90%,±22.7,"6,001","±1,494","1,920",±834,32.00%,±11.0,"1,193",±493,472,±296,39.60%,±19.8,"5,087","±1,596","2,014","±1,146",39.60%,±17.0,"4,797","±1,132","3,120","±1,061",65.00%,±13.8,"2,631",±934,908,±451,34.50%,±17.1,999,±558,438,±402,43.80%,±35.2,"17,164","±2,147","12,831","±2,660",74.80%,±9.8,"9,211","±2,427","4,359","±1,834",47.30%,±14.9,877,±486,344,±270,39.20%,±24.4,"1,260",±497,623,±442,49.40%,±28.1,"4,736","±1,517","1,732",±913,36.60%,±16.9,"5,250","±1,231","2,050",±949,39.00%,±15.6,"4,072","±1,303","1,028",±468,25.20%,±10.7,"4,889","±1,297","2,968","±1,132",60.70%,±15.1,"2,062",±632,"1,016",±465,49.30%,±17.4,"1,264",±685,340,±397,26.90%,±26.5,"2,373","±1,066",664,±468,28.00%,±19.7,"2,362",±903,"1,215",±580,51.40%,±17.2,"8,819","±1,655","3,585","±1,175",40.70%,±10.0,"1,590",±582,336,±288,21.10%,±16.0,"1,854",±794,754,±570,40.70%,±24.5,"5,221","±1,502","1,605",±836,30.70%,±14.2,"4,279","±1,048","1,570",±859,36.70%,±17.9,"1,964",±644,717,±486,36.50%,±18.3,"1,633",±646,839,±466,51.40%,±19.9,906,±678,811,±626,89.50%,±16.5,"11,786","±2,319","3,534","±1,505",30.00%,±10.8,"6,262","±2,774","2,918","±1,704",46.60%,±10.6,"1,243",±481,376,±422,30.20%,±29.5,"33,404","±3,563","16,703","±2,756",50.00%,±6.0,"2,016",±822,608,±454,30.20%,±21.3,661,±321,275,±206,41.60%,±25.7,"3,545",±981,"1,321",±651,37.30%,±15.0,"4,705","±1,244","2,292",±870,48.70%,±14.3,"6,510","±1,724","2,095",±984,32.20%,±11.4
    25 to 34 years,"2,645",±757,542,±473,20.50%,±16.6,"76,849","±3,782","11,409","±1,779",14.80%,±2.2,"1,306",±600,93,±87,7.10%,±7.2,"5,480","±1,137","1,096",±705,20.00%,±12.0,"13,766","±2,163","3,459",±943,25.10%,±6.7,"3,763","±1,307",715,±483,19.00%,±13.2,"17,148","±2,758","2,326",±867,13.60%,±4.6,"5,140","±1,098",689,±346,13.40%,±6.4,"3,095",±881,920,±375,29.70%,±8.3,"1,194",±542,104,±145,8.70%,±12.0,"6,708","±1,546",910,±492,13.60%,±6.5,"19,838","±2,357","2,104",±956,10.60%,±4.7,"2,727",±691,559,±401,20.50%,±14.0,"1,944",±717,729,±523,37.50%,±18.5,"9,420","±1,811","1,280",±661,13.60%,±6.4,"12,810","±1,601","1,961",±905,15.30%,±7.0,"21,357","±2,332","3,700","±1,361",17.30%,±5.8,"10,428","±1,520","2,297","±1,001",22.00%,±8.9,"4,799",±896,"1,750",±615,36.50%,±10.1,"4,592","±1,239","1,149",±672,25.00%,±13.7,"1,846",±606,398,±302,21.60%,±15.1,"10,213","±1,739","3,297",±910,32.30%,±8.9,"16,253","±2,489","2,875","±1,094",17.70%,±6.4,"2,774",±878,718,±445,25.90%,±14.9,"4,874","±1,235",789,±540,16.20%,±10.3,"14,982","±1,873","3,385","±1,260",22.60%,±7.6,"13,841","±1,927","2,562","±1,015",18.50%,±6.5,"4,742","±1,060",805,±442,17.00%,±9.3,"2,688",±837,591,±334,22.00%,±11.1,"5,025","±1,982",814,±619,16.20%,±11.4,"33,449","±3,016","4,290","±1,221",12.80%,±3.6,"10,913","±1,897","2,098",±726,19.20%,±6.4,"2,248",±769,670,±383,29.80%,±15.2,"126,999","±7,925","21,314","±3,092",16.80%,±2.3,"4,455","±1,078","1,190",±591,26.70%,±10.7,"1,822",±441,243,±164,13.30%,±9.0,"7,333","±1,472",822,±358,11.20%,±5.1,"10,143","±1,525","2,293",±919,22.60%,±8.4,"16,500","±2,084","2,394",±922,14.50%,±4.8
    35 to 44 years,"1,824",±499,656,±458,36.00%,±19.1,"34,306","±2,579","5,456","±1,369",15.90%,±3.6,"1,450",±473,526,±316,36.30%,±17.6,"3,070",±787,476,±253,15.50%,±8.2,"10,834","±2,105","3,093","±1,193",28.50%,±9.8,"2,726",±925,"1,052",±756,38.60%,±20.0,"12,520","±2,044","1,443",±877,11.50%,±6.9,"2,986",±952,702,±396,23.50%,±10.8,"3,162",±682,508,±312,16.10%,±9.6,"1,752",±785,795,±484,45.40%,±29.8,"3,078",±966,662,±426,21.50%,±13.5,"9,740","±1,887",786,±512,8.10%,±5.0,"1,174",±513,443,±419,37.70%,±24.4,725,±287,252,±182,34.80%,±20.0,"5,540","±1,516",764,±647,13.80%,±10.2,"8,320","±2,034","1,781","±1,008",21.40%,±8.8,"12,061","±2,032","1,652",±705,13.70%,±5.1,"6,272","±1,608","1,781",±899,28.40%,±12.0,"2,715",±695,795,±432,29.30%,±15.2,"2,554",±888,582,±442,22.80%,±14.6,"1,294",±552,301,±270,23.30%,±19.3,"3,845",±919,827,±453,21.50%,±10.9,"9,846","±1,721","1,184",±582,12.00%,±5.4,"1,338",±543,523,±357,39.10%,±19.3,"2,777","±1,225",872,±563,31.40%,±22.4,"7,413","±1,439","1,145",±561,15.40%,±7.8,"10,860","±1,691","2,183",±885,20.10%,±7.6,"2,373",±785,878,±420,37.00%,±13.5,"2,198",±540,632,±385,28.80%,±14.8,"2,617","±1,100",502,±469,19.20%,±17.9,"17,679","±2,595","2,702",±879,15.30%,±4.7,"7,400","±1,475","1,528",±770,20.60%,±9.6,"1,390",±471,384,±227,27.60%,±14.2,"59,363","±4,702","11,418","±2,235",19.20%,±3.6,"3,878",±812,"1,244",±601,32.10%,±12.4,970,±472,89,±109,9.20%,±11.7,"4,950","±1,065",350,±375,7.10%,±7.5,"8,986","±1,437","2,274",±598,25.30%,±7.1,"10,377","±1,834","2,572",±970,24.80%,±9.0
    45 to 54 years,"2,693",±679,395,±259,14.70%,±9.4,"32,288","±2,757","6,924","±1,413",21.40%,±4.1,879,±344,225,±191,25.60%,±18.8,"4,247",±931,445,±219,10.50%,±5.3,"11,413","±1,893","2,490","±1,013",21.80%,±8.0,"2,950",±787,930,±438,31.50%,±11.4,"10,331","±1,815","2,336",±724,22.60%,±6.9,"5,008","±1,349",934,±616,18.70%,±10.9,"3,167",±774,"1,071",±520,33.80%,±11.7,"2,076",±687,300,±230,14.50%,±11.3,"3,218","±1,129","1,042",±631,32.40%,±13.7,"9,182","±1,538","1,304",±623,14.20%,±6.4,"2,003",±568,408,±244,20.40%,±11.2,"2,230",±551,557,±300,25.00%,±13.0,"6,527","±1,248",794,±445,12.20%,±6.7,"8,618","±1,738","1,347",±903,15.60%,±9.5,"11,583","±1,819","2,753","±1,115",23.80%,±7.6,"7,996","±1,379","1,892",±703,23.70%,±8.5,"3,997","±1,034","1,647",±768,41.20%,±14.2,"4,115","±1,422",651,±496,15.80%,±11.9,"1,688",±636,590,±473,35.00%,±22.2,"5,147","±1,055","1,601",±607,31.10%,±9.6,"8,540","±1,591","1,410",±691,16.50%,±7.2,"1,701",±550,404,±258,23.80%,±13.3,"2,609",±719,586,±438,22.50%,±14.5,"8,942","±1,630","2,017",±779,22.60%,±8.4,"8,949","±1,252","1,800",±646,20.10%,±6.7,"2,896",±928,643,±354,22.20%,±12.7,"2,639",±783,860,±514,32.60%,±14.8,"3,686","±1,421",645,±705,17.50%,±16.7,"15,866","±1,838","2,500",±863,15.80%,±4.9,"6,296","±1,366","1,800",±970,28.60%,±13.2,"2,312",±667,444,±305,19.20%,±13.4,"50,600","±4,623","15,038","±3,256",29.70%,±5.3,"5,281","±1,014","1,326",±605,25.10%,±9.9,"1,441",±485,545,±339,37.80%,±17.3,"5,389","±1,114","1,079",±509,20.00%,±10.1,"8,524","±1,676","2,383",±802,28.00%,±7.3,"10,223","±1,803","1,439",±576,14.10%,±5.6
    55 to 64 years,"3,924",±932,658,±302,16.80%,±8.3,"50,567","±3,455","12,917","±1,808",25.50%,±2.9,"2,256",±543,554,±242,24.60%,±9.9,"6,066","±1,066","1,366",±455,22.50%,±7.0,"14,650","±1,721","4,027",±969,27.50%,±5.9,"4,127",±889,662,±322,16.00%,±7.4,"18,385","±2,091","3,157",±983,17.20%,±5.0,"6,411","±1,102","1,605",±610,25.00%,±7.9,"5,172",±835,"1,363",±505,26.40%,±9.0,"2,415",±687,553,±295,22.90%,±11.3,"3,541",±847,277,±211,7.80%,±6.1,"13,251","±1,706","1,983",±882,15.00%,±6.0,"3,393",±759,998,±383,29.40%,±10.0,"3,450",±931,755,±320,21.90%,±9.7,"9,243","±1,920",970,±534,10.50%,±5.2,"11,880","±1,662","3,496","±1,142",29.40%,±8.4,"19,153","±2,243","4,652","±1,179",24.30%,±5.1,"12,464","±1,658","2,867",±833,23.00%,±6.0,"5,179",±982,"2,202",±736,42.50%,±11.1,"5,291","±1,376","1,078",±634,20.40%,±10.5,"3,247",±876,"1,385",±762,42.70%,±16.6,"8,273","±1,164","1,916",±720,23.20%,±8.1,"14,937","±1,875","3,507","±1,012",23.50%,±6.4,"3,221",±939,"1,010",±481,31.40%,±12.2,"4,615","±1,068",526,±244,11.40%,±5.5,"12,024","±1,846","2,840",±864,23.60%,±6.5,"12,961","±1,704","4,285","±1,152",33.10%,±7.3,"4,088",±939,977,±413,23.90%,±9.4,"3,386",±800,822,±336,24.30%,±7.9,"6,604","±1,662","1,189",±663,18.00%,±10.1,"22,001","±2,667","2,856",±781,13.00%,±3.3,"9,853","±1,527","2,200",±753,22.30%,±6.9,"3,637",±818,726,±371,20.00%,±8.8,"64,363","±4,250","27,750","±3,747",43.10%,±4.8,"6,143","±1,269","1,245",±414,20.30%,±6.0,"1,711",±492,752,±417,44.00%,±15.7,"6,281","±1,086","1,895",±578,30.20%,±7.6,"14,460","±1,821","3,269",±852,22.60%,±5.2,"12,780","±1,893","2,855",±981,22.30%,±6.7
    65 to 74 years,"3,494",±770,379,±269,10.80%,±7.7,"46,646","±2,903","9,310","±1,350",20.00%,±2.6,"3,034",±708,515,±303,17.00%,±8.7,"7,199","±1,109","1,058",±518,14.70%,±6.8,"13,207","±1,624","2,598",±714,19.70%,±5.0,"4,040",±838,778,±340,19.30%,±7.1,"17,080","±2,061","2,419",±885,14.20%,±4.6,"6,113","±1,002","1,049",±365,17.20%,±5.6,"5,545","±1,021","1,102",±537,19.90%,±8.5,"2,837",±773,540,±363,19.00%,±12.6,"3,100",±838,254,±193,8.20%,±6.1,"11,979","±1,417","1,278",±511,10.70%,±4.0,"2,991",±586,263,±150,8.80%,±5.1,"2,737",±517,408,±188,14.90%,±6.6,"7,209","±1,621","1,342",±637,18.60%,±7.8,"9,519","±1,183","1,282",±561,13.50%,±5.4,"15,440","±1,777","1,772",±548,11.50%,±3.3,"10,459","±1,279","1,913",±754,18.30%,±7.0,"4,806",±986,"1,168",±405,24.30%,±7.7,"5,324","±1,155","1,075",±688,20.20%,±12.2,"2,939",±589,436,±337,14.80%,±10.5,"8,821","±1,144","1,296",±606,14.70%,±6.1,"15,203","±1,779","3,645","±1,156",24.00%,±6.7,"3,517",±777,395,±239,11.20%,±7.0,"4,353",±921,796,±400,18.30%,±8.8,"10,003","±1,465","1,880",±713,18.80%,±6.5,"10,988","±1,364","2,002",±554,18.20%,±4.9,"4,084",±833,773,±524,18.90%,±11.2,"4,383",±913,761,±484,17.40%,±10.0,"4,350","±1,170",963,±587,22.10%,±11.2,"22,699","±2,322","3,346",±873,14.70%,±3.6,"7,126","±1,179","1,053",±494,14.80%,±6.8,"4,068",±663,662,±307,16.30%,±7.1,"52,289","±3,719","17,049","±2,281",32.60%,±3.6,"5,110",±962,945,±367,18.50%,±6.0,"2,630",±613,700,±339,26.60%,±11.1,"8,005","±1,294","1,243",±506,15.50%,±5.6,"11,990","±1,544","1,520",±467,12.70%,±4.1,"12,143","±1,687","2,153",±904,17.70%,±7.0
    75 years and over,"3,148",±533,503,±241,16.00%,±7.4,"38,810","±2,336","8,391","±1,247",21.60%,±3.0,"2,583",±462,541,±217,20.90%,±8.7,"5,774",±895,771,±292,13.40%,±4.9,"11,279","±1,431","2,165",±698,19.20%,±5.3,"4,548",±805,901,±431,19.80%,±9.0,"18,229","±1,619","2,899",±938,15.90%,±4.8,"4,828",±786,615,±265,12.70%,±5.2,"4,644",±738,787,±285,16.90%,±6.0,"2,253",±520,337,±288,15.00%,±12.2,"3,464",±779,412,±261,11.90%,±7.4,"12,621","±1,226","1,639",±635,13.00%,±4.8,"2,354",±445,782,±427,33.20%,±15.6,"2,849",±464,436,±263,15.30%,±8.5,"6,251","±1,032",650,±315,10.40%,±5.2,"8,677","±1,016","2,472",±990,28.50%,±10.5,"15,808","±1,805","2,853",±851,18.00%,±5.0,"7,887","±1,189","1,331",±399,16.90%,±5.2,"4,164",±904,"1,087",±478,26.10%,±9.3,"5,465","±1,010",680,±387,12.40%,±7.0,"2,810",±438,250,±139,8.90%,±5.2,"7,972","±1,238","2,413",±934,30.30%,±9.4,"14,475","±1,468","3,289",±986,22.70%,±5.9,"2,995",±640,348,±192,11.60%,±6.2,"4,359",±788,620,±378,14.20%,±7.9,"8,628","±1,193","1,559",±631,18.10%,±6.7,"10,292","±1,270","2,015",±697,19.60%,±5.9,"3,002",±606,230,±181,7.70%,±5.8,"3,803",±646,963,±432,25.30%,±10.6,"3,414",±931,522,±347,15.30%,±9.2,"23,496","±1,553","4,442","±1,134",18.90%,±4.4,"9,885","±1,430",965,±459,9.80%,±4.5,"3,475",±677,698,±342,20.10%,±8.8,"42,443","±2,637","14,472","±1,785",34.10%,±3.4,"4,734",±758,936,±377,19.80%,±7.0,"2,865",±496,477,±203,16.60%,±6.9,"7,736","±1,194","1,618",±647,20.90%,±7.0,"13,749","±1,335","3,317",±881,24.10%,±5.8,"11,533","±1,363","1,607",±556,13.90%,±4.7
    Mean income deficit for unrelated individuals (dollars),"8,345","±1,376",(X),(X),(X),(X),"7,854",±354,(X),(X),(X),(X),"6,320","±1,122",(X),(X),(X),(X),"6,786","±1,016",(X),(X),(X),(X),"8,323",±618,(X),(X),(X),(X),"6,214",±855,(X),(X),(X),(X),"7,928",±541,(X),(X),(X),(X),"7,373",±859,(X),(X),(X),(X),"6,768",±796,(X),(X),(X),(X),"8,452",±921,(X),(X),(X),(X),"10,036",±645,(X),(X),(X),(X),"8,541",±720,(X),(X),(X),(X),"7,768","±1,271",(X),(X),(X),(X),"7,474","±1,278",(X),(X),(X),(X),"8,229",±963,(X),(X),(X),(X),"8,624",±934,(X),(X),(X),(X),"8,545",±640,(X),(X),(X),(X),"7,581",±699,(X),(X),(X),(X),"7,501",±710,(X),(X),(X),(X),"8,562","±1,318",(X),(X),(X),(X),"6,198","±1,079",(X),(X),(X),(X),"7,744",±925,(X),(X),(X),(X),"7,732",±638,(X),(X),(X),(X),"6,736",±986,(X),(X),(X),(X),"8,967","±1,300",(X),(X),(X),(X),"7,572",±890,(X),(X),(X),(X),"7,320",±540,(X),(X),(X),(X),"7,237","±1,164",(X),(X),(X),(X),"6,663","±1,114",(X),(X),(X),(X),"8,129","±1,314",(X),(X),(X),(X),"8,518",±569,(X),(X),(X),(X),"7,973",±712,(X),(X),(X),(X),"8,182","±1,068",(X),(X),(X),(X),"8,149",±245,(X),(X),(X),(X),"8,252","±1,083",(X),(X),(X),(X),"6,896","±1,140",(X),(X),(X),(X),"7,787",±930,(X),(X),(X),(X),"7,589",±673,(X),(X),(X),(X),"7,978",±851,(X),(X),(X),(X)
"    Worked full-time, year-round in the past 12 months","7,720","±1,382",73,±78,0.90%,±1.0,"139,023","±6,033","2,522",±742,1.80%,±0.5,"3,461",±796,113,±159,3.30%,±4.5,"12,095","±1,722",331,±227,2.70%,±1.8,"31,069","±3,129",644,±338,2.10%,±1.1,"7,968","±1,435",263,±371,3.30%,±4.6,"42,338","±3,726",649,±444,1.50%,±1.0,"13,345","±2,273",701,±546,5.30%,±3.7,"8,646","±1,358",437,±302,5.10%,±3.5,"4,293","±1,317",0,±189,0.00%,±3.4,"11,894","±1,876",706,±587,5.90%,±4.9,"43,309","±3,487","1,014",±629,2.30%,±1.5,"5,654","±1,145",104,±140,1.80%,±2.4,"4,847","±1,041",146,±130,3.00%,±2.7,"23,046","±2,743",476,±384,2.10%,±1.7,"30,353","±2,989",785,±468,2.60%,±1.6,"43,237","±3,745","1,325",±612,3.10%,±1.4,"22,576","±2,844",687,±430,3.00%,±2.0,"7,872","±1,337",299,±272,3.80%,±3.5,"9,739","±1,798",148,±182,1.50%,±1.9,"5,576","±1,422",473,±529,8.50%,±9.1,"15,752","±1,827",439,±363,2.80%,±2.3,"36,332","±3,581","1,157",±549,3.20%,±1.5,"6,142","±1,506",207,±157,3.40%,±2.6,"10,096","±1,895",281,±365,2.80%,±3.6,"28,668","±3,373",440,±358,1.50%,±1.2,"29,626","±2,788",769,±433,2.60%,±1.5,"9,280","±1,814",330,±315,3.60%,±3.4,"6,027","±1,044",505,±385,8.40%,±6.4,"11,363","±2,680",662,±614,5.80%,±5.2,"69,744","±4,796","1,187",±728,1.70%,±1.0,"22,911","±2,507",636,±430,2.80%,±1.9,"6,026","±1,118",274,±297,4.50%,±4.8,"185,957","±9,515","5,381","±1,601",2.90%,±0.8,"11,189","±1,551",132,±134,1.20%,±1.2,"3,762",±906,408,±372,10.80%,±8.9,"17,174","±2,490",669,±306,3.90%,±1.8,"25,272","±2,610",921,±530,3.60%,±2.1,"34,890","±3,094","1,056",±541,3.00%,±1.5
"    Worked less than full-time, year-round in the past 12 months","3,775","±1,096","1,206",±486,31.90%,±11.6,"65,937","±3,857","22,649","±2,981",34.30%,±3.2,"2,959",±790,853,±392,28.80%,±9.3,"7,220","±1,482","1,596",±728,22.10%,±8.8,"17,168","±2,445","4,095","±1,202",23.90%,±6.3,"4,493",±988,"1,632",±693,36.30%,±12.8,"19,006","±2,652","4,396","±1,221",23.10%,±6.1,"8,544","±1,751","3,045",±987,35.60%,±9.2,"5,337","±1,026","1,488",±567,27.90%,±9.0,"3,508","±1,035",975,±570,27.80%,±14.1,"14,871","±2,227","8,161","±1,572",54.90%,±8.1,"16,831","±2,104","5,349","±1,717",31.80%,±8.4,"2,305",±617,527,±248,22.90%,±9.5,"2,698",±710,485,±248,18.00%,±8.3,"11,368","±2,523","2,382",±980,21.00%,±7.7,"9,607","±1,959","2,467","±1,021",25.70%,±8.6,"19,674","±2,269","4,279","±1,143",21.70%,±4.9,"13,120","±2,062","4,243","±1,309",32.30%,±8.3,"6,122","±1,288","2,283",±803,37.30%,±9.6,"5,611","±1,443","1,802",±954,32.10%,±12.1,"3,611",±930,990,±618,27.40%,±14.5,"9,202","±1,905","2,766",±930,30.10%,±7.7,"18,191","±2,635","5,357","±1,360",29.40%,±5.8,"3,002",±819,788,±409,26.20%,±10.2,"4,712","±1,289","1,321",±664,28.00%,±11.3,"12,132","±1,873","3,060","±1,089",25.20%,±8.3,"13,334","±1,709","4,346","±1,107",32.60%,±6.9,"4,966","±1,115","1,231",±568,24.80%,±9.3,"4,490",±889,"1,152",±465,25.70%,±9.6,"4,506","±1,366","1,353",±787,30.00%,±14.8,"30,981","±3,017","6,581","±1,408",21.20%,±4.2,"12,124","±2,397","3,312","±1,274",27.30%,±7.5,"4,119","±1,015",758,±419,18.40%,±9.6,"89,385","±7,150","29,191","±3,681",32.70%,±3.5,"6,134","±1,286","1,968",±710,32.10%,±8.9,"2,500",±572,697,±373,27.90%,±12.0,"7,785","±1,516","1,526",±593,19.60%,±6.5,"14,794","±2,202","3,853",±966,26.00%,±5.4,"16,500","±2,368","4,104","±1,247",24.90%,±6.4
    Did not work,"7,555","±1,132","2,296",±759,30.40%,±8.0,"107,572","±4,854","43,392","±3,240",40.30%,±2.2,"6,130",±820,"1,821",±431,29.70%,±7.3,"14,511","±1,677","3,979",±939,27.40%,±5.2,"33,151","±2,577","15,175","±2,212",45.80%,±4.8,"10,962","±1,528","3,691",±871,33.70%,±5.9,"37,620","±2,671","11,733","±2,091",31.20%,±4.7,"13,394","±1,644","4,968","±1,073",37.10%,±5.7,"13,533","±1,368","4,834",±962,35.70%,±5.8,"6,107","±1,078","2,474",±845,40.50%,±9.8,"13,533","±2,511","7,546","±2,198",55.80%,±8.6,"26,066","±2,579","7,474","±1,738",28.70%,±5.1,"7,560","±1,202","3,166",±865,41.90%,±8.0,"7,749",±970,"3,228",±808,41.70%,±7.6,"14,647","±2,637","4,809","±1,361",32.80%,±6.4,"25,267","±2,813","11,290","±2,225",44.70%,±5.7,"36,708","±3,249","12,951","±2,193",35.30%,±4.6,"24,807","±2,222","10,227","±1,754",41.20%,±5.5,"13,900","±1,817","7,255","±1,287",52.20%,±6.5,"13,412","±2,239","3,762","±1,164",28.00%,±7.5,"7,028","±1,118","2,579",±813,36.70%,±8.8,"21,679","±2,207","9,360","±1,851",43.20%,±6.0,"33,779","±2,854","13,210","±2,287",39.10%,±5.0,"7,992","±1,105","2,739",±788,34.30%,±8.2,"11,241","±1,664","3,949","±1,025",35.10%,±6.9,"26,496","±2,556","11,014","±2,111",41.60%,±5.9,"29,426","±2,646","11,487","±1,884",39.00%,±4.6,"8,972","±1,487","3,531",±975,39.40%,±7.7,"10,253","±1,140","3,851",±940,37.60%,±6.9,"10,800","±2,444","3,498","±1,193",32.40%,±8.1,"46,916","±3,635","16,567","±2,280",35.30%,±3.3,"23,132","±2,929","9,046","±1,856",39.10%,±5.3,"8,250","±1,143","2,950",±607,35.80%,±6.2,"155,660","±7,366","90,570","±6,659",58.20%,±2.8,"14,424","±1,865","5,524",±945,38.30%,±5.1,"5,990",±873,"2,128",±556,35.50%,±7.0,"18,683","±2,266","6,536","±1,332",35.00%,±4.8,"32,635","±2,485","12,718","±1,791",39.00%,±4.2,"29,585","±2,766","10,864","±1,970",36.70%,±5.1
    Population in housing units for whom poverty status is determined,"99,915",±942,"8,499","±2,182",8.50%,±2.2,"1,201,092","±6,231","135,732","±9,520",11.30%,±0.8,"64,297",±399,"7,042","±1,591",11.00%,±2.5,"162,733","±1,259","17,788","±3,255",10.90%,±2.0,"414,863","±2,775","54,840","±6,407",13.20%,±1.6,"118,246","±1,447","12,361","±2,583",10.50%,±2.2,"634,965","±2,144","39,822","±5,287",6.30%,±0.8,"189,053","±1,831","15,819","±2,955",8.40%,±1.5,"125,210","±1,625","15,534","±2,155",12.40%,±1.7,"63,916",±883,"11,804","±3,122",18.50%,±4.9,"139,445","±1,809","22,787","±4,203",16.30%,±3.0,"523,392","±2,267","34,367","±5,771",6.60%,±1.1,"74,224","±1,344","10,016","±2,446",13.50%,±3.2,"79,962",±903,"12,202","±2,212",15.30%,±2.7,"249,570","±2,370","20,036","±4,509",8.00%,±1.8,"279,631","±2,153","31,708","±4,295",11.30%,±1.5,"551,590","±3,330","54,456","±6,829",9.90%,±1.2,"255,560","±1,687","41,282","±5,783",16.20%,±2.3,"120,998","±1,476","18,134","±2,809",15.00%,±2.3,"153,980",±818,"15,262","±4,593",9.90%,±3.0,"77,406","±1,087","8,859","±2,067",11.40%,±2.7,"207,768","±1,677","28,418","±4,175",13.70%,±2.0,"539,758","±2,154","46,740","±5,987",8.70%,±1.1,"82,833",±901,"7,646","±2,384",9.20%,±2.9,"138,149","±2,380","11,720","±2,987",8.50%,±2.2,"366,965","±1,460","40,791","±7,446",11.10%,±2.0,"314,444","±2,002","38,625","±5,097",12.30%,±1.6,"107,951","±1,016","9,572","±2,092",8.90%,±1.9,"103,371","±1,148","12,571","±2,326",12.20%,±2.2,"166,548","±1,439","18,211","±5,143",10.90%,±3.1,"837,081","±3,412","57,983","±6,634",6.90%,±0.8,"301,834","±1,986","29,534","±4,454",9.80%,±1.5,"86,849",±990,"9,064","±1,856",10.40%,±2.1,"1,525,496","±4,688","342,150","±20,581",22.40%,±1.3,"135,447","±1,740","17,230","±3,380",12.70%,±2.5,"68,676",±877,"8,178","±1,729",11.90%,±2.5,"204,441","±1,033","17,355","±2,766",8.50%,±1.4,"344,602","±1,580","39,055","±4,538",11.30%,±1.3,"449,296","±1,642","41,635","±5,775",9.30%,±1.3
